method,left,right,cosine,random_mean,random_std,z_vs_random,random_percentile,random_two_sided_p
raw,光,闇,-0.41471697441592315,0.39862505392288883,0.28755946248009595,-2.828430757673673,0.00745,0.00745
raw,春,秋,0.7404186572907322,0.39862505392288883,0.28755946248009595,1.188601482350807,0.91256,0.2224
raw,上,下,0.48361506810343335,0.39862505392288883,0.28755946248009595,0.29555631189297865,0.54871,0.78458
raw,生,死,0.030097254809174287,0.39862505392288883,0.28755946248009595,-1.2815707608273297,0.1207,0.18273
centered,光,闇,-0.5366147196251748,0.0036435254158730277,0.31054999587972776,-1.7396820228916805,0.03046,0.07747
centered,春,秋,0.5944790880192659,0.0036435254158730277,0.31054999587972776,1.9025457106501342,0.96861,0.04772
centered,上,下,0.012293037207068737,0.0036435254158730277,0.31054999587972776,0.02785223605201901,0.52515,0.97943
centered,生,死,-0.24277245836050476,0.0036435254158730277,0.31054999587972776,-0.7934824892794773,0.234,0.46051
zscore,光,闇,-0.5589733636124724,0.004809191143812219,0.3004125731570582,-1.8766942702545752,0.02038,0.05389
zscore,春,秋,0.43608158288158266,0.004809191143812219,0.3004125731570582,1.435600338579363,0.91463,0.1586
zscore,上,下,-0.15953315196730147,0.004809191143812219,0.3004125731570582,-0.547055475688077,0.31273,0.60992
zscore,生,死,-0.25185437552773104,0.004809191143812219,0.3004125731570582,-0.8543702547940875,0.21285,0.42148
