method,rank,word,score
raw_cosine,1,聖,0.9254679506938884
raw_cosine,2,大和,0.9181533545010373
raw_cosine,3,仁,0.9067914913343312
raw_cosine,4,宮,0.8928561005707779
raw_cosine,5,高橋,0.892713552019702
raw_cosine,6,観音,0.8918758658116891
raw_cosine,7,奥さん,0.8905635050220175
raw_cosine,8,池田,0.8892550877919201
raw_cosine,9,マリア,0.8873423201206955
raw_cosine,10,安田,0.8871886544188798
raw_cosine,11,クイーン,0.8860958989602425
raw_cosine,12,訳有り,0.8855086127007327
raw_cosine,13,プリンス,0.8852803258977793
raw_cosine,14,斎藤,0.8830530789144646
raw_cosine,15,紳士,0.8816921335447927
raw_cosine,16,仏,0.8775765016258676
raw_cosine,17,誠,0.8770724684869496
raw_cosine,18,甲斐,0.8768878394396206
raw_cosine,19,錦,0.8767716553196755
raw_cosine,20,加藤,0.8762129830838719
centered_cosine,1,聖,0.8437727130433247
centered_cosine,2,大和,0.8352483596037875
centered_cosine,3,仏,0.7948050990432232
centered_cosine,4,クイーン,0.7914810630571593
centered_cosine,5,観音,0.7913488845909359
centered_cosine,6,仁,0.789847656892666
centered_cosine,7,錦,0.78498081659044
centered_cosine,8,池田,0.781180197810433
centered_cosine,9,キリスト,0.7796879222457809
centered_cosine,10,ロイヤル,0.777753189224643
centered_cosine,11,宮,0.7747600442585018
centered_cosine,12,マリア,0.7726464965633386
centered_cosine,13,プリンス,0.7705596758053964
centered_cosine,14,イエス,0.7703137148448752
centered_cosine,15,女王,0.7678107778925826
centered_cosine,16,高橋,0.7674747435789255
centered_cosine,17,奥さん,0.7646324255782807
centered_cosine,18,安田,0.7617500701646104
centered_cosine,19,上田,0.7600284369357668
centered_cosine,20,王道,0.7588261426868943
zscore_cosine,1,大和,0.8510574885839349
zscore_cosine,2,マリア,0.8299528224065473
zscore_cosine,3,聖,0.826349772591307
zscore_cosine,4,池田,0.8183762023590219
zscore_cosine,5,イエス,0.8160762410185995
zscore_cosine,6,士,0.8132235095124357
zscore_cosine,7,仁,0.8131580249078477
zscore_cosine,8,上田,0.8103538534268766
zscore_cosine,9,クイーン,0.8093043085936101
zscore_cosine,10,高橋,0.8073921601306412
zscore_cosine,11,安田,0.7968158867304738
zscore_cosine,12,キリスト,0.7948521742983445
zscore_cosine,13,栄,0.7903884593944768
zscore_cosine,14,李,0.7882998886241597
zscore_cosine,15,態々,0.7859010742277813
zscore_cosine,16,吉田,0.7846250851494241
zscore_cosine,17,宮,0.784158477612838
zscore_cosine,18,前田,0.7824612830254076
zscore_cosine,19,錦,0.7810821361413055
zscore_cosine,20,師,0.7787479853705599
csls_k10,1,聖,0.003865113308493928
csls_k10,2,大和,0.003789020597399606
csls_k10,3,マリア,-0.016591302701284283
csls_k10,4,イエス,-0.026115994198035564
csls_k10,5,クイーン,-0.03194838892090868
csls_k10,6,士,-0.046936837497533634
csls_k10,7,池田,-0.05802761193009376
csls_k10,8,仁,-0.06290154217271304
csls_k10,9,キリスト,-0.06747985954543645
csls_k10,10,錦,-0.0818843238485587
csls_k10,11,訳有り,-0.08637301063878522
csls_k10,12,王子,-0.0923199030742623
csls_k10,13,女王,-0.09419975422861371
csls_k10,14,王道,-0.09748964400310545
csls_k10,15,宮,-0.09786880597507386
csls_k10,16,プリンス,-0.09821959601218344
csls_k10,17,仕舞う,-0.09835489286597077
csls_k10,18,態々,-0.10244865762510047
csls_k10,19,仏,-0.10578532023617337
csls_k10,20,安田,-0.10960542702508058
zscore_cosine_without_name_like,1,イエス,0.8160762410185995
zscore_cosine_without_name_like,2,士,0.8132235095124357
zscore_cosine_without_name_like,3,上田,0.8103538534268766
zscore_cosine_without_name_like,4,クイーン,0.8093043085936101
zscore_cosine_without_name_like,5,キリスト,0.7948521742983445
zscore_cosine_without_name_like,6,栄,0.7903884593944768
zscore_cosine_without_name_like,7,李,0.7882998886241597
zscore_cosine_without_name_like,8,態々,0.7859010742277813
zscore_cosine_without_name_like,9,宮,0.784158477612838
zscore_cosine_without_name_like,10,錦,0.7810821361413055
zscore_cosine_without_name_like,11,師,0.7787479853705599
zscore_cosine_without_name_like,12,王道,0.777731883424109
zscore_cosine_without_name_like,13,仏,0.77621985210651
zscore_cosine_without_name_like,14,プリンス,0.7755801091808158
zscore_cosine_without_name_like,15,女王,0.7743898864969323
zscore_cosine_without_name_like,16,高田,0.7706302430142068
zscore_cosine_without_name_like,17,訳有り,0.770180545918113
zscore_cosine_without_name_like,18,御,0.7695543713936333
zscore_cosine_without_name_like,19,ロイヤル,0.7687754420757359
zscore_cosine_without_name_like,20,マスター,0.7685278129529106
