rank,dimension,difference_woman_minus_man,z_difference
1,strong,-0.8394638927420601,-1.499766954245207
2,calm,0.5743651390075684,1.0767568625274004
3,creative,0.4946429431438446,1.001439623581486
4,warm,0.641286700963974,0.9990401721515877
5,large,-0.5864177197217941,-0.8976933805370727
6,powerful,-0.48451077938079834,-0.8063225027403711
7,intimate,0.3084772750735283,0.7322056109581973
8,organic,0.6451573371887207,0.7254916997443998
9,interesting,0.3192097544670105,0.6651441539638062
10,light,0.37434953451156616,0.6559664016508573
11,cooperative,0.3833957314491272,0.6532771483722449
12,clean,0.32218867540359497,0.6023902552409575
13,private,0.518683597445488,0.5935745688382763
14,open,0.3268257640302181,0.5847000804732716
15,social,0.33231446146965027,0.555326711205231
16,beautiful,0.2902824655175209,0.5373884808087044
17,active,-0.4523423761129379,-0.5062361851552561
18,fair,0.16725224256515503,0.48623317706889574
19,moral,0.3075808836147189,0.4117246593604858
20,familiar,0.22250625491142273,0.41093868186277416
21,alive,0.3522768020629883,0.38069504086531064
22,safe,0.2485274076461792,0.37518200536721386
23,orderly,-0.19857972860336304,-0.33252770518006797
24,correct,0.17737701535224915,0.32916926917975275
25,healthy,0.20576688647270203,0.3220075238523482
26,hopeful,0.15601089596748352,0.2745652261115225
27,fast,-0.12811386212706566,-0.2734349047753108
28,personal,0.25970326364040375,0.2584485628417222
29,temporary,0.2251601219177246,0.25211839549419224
30,natural,-0.24473345279693604,-0.24234425038689714
31,pleasant,0.15977443754673004,0.22275716830547596
32,common,0.12930011749267578,0.22227743377146306
33,simple,-0.12109965085983276,-0.21600865166478156
34,honest,0.07356151938438416,0.18963448443593645
35,bright,0.10918653011322021,0.18959357419577247
36,future,0.07283061742782593,0.1740460247870121
37,serious,-0.07629382610321045,-0.1613182121015972
38,responsible,0.057465940713882446,0.14743975671319984
39,valuable,0.10412004590034485,0.1343023198171705
40,joyful,0.07400905154645443,0.1338688498951893
41,useful,0.1060509979724884,0.1237594911860159
42,deep,0.045237839221954346,0.08386961816368911
43,trusting,0.0270920991897583,0.048085890255611205
44,intelligent,0.016278792172670364,0.04410466684148026
45,reliable,0.022895485162734985,0.03636681679074835
46,modern,0.02154216170310974,0.032697031808148036
47,exciting,0.014576144516468048,0.030340568907170365
48,specialized,0.011673212051391602,0.01456242577767436
49,expensive,-0.004805341362953186,-0.009828574922499247
50,stable,-0.0028657913208007812,-0.0037958287010166052
