concept,pleasant,strong,active,familiar,safe,warm,simple,natural,valuable,beautiful,large,common
猫,2.0,1.0,0.0,0.5,0.5,1.5,0.0,0.5,0.5,0.5,0.0,0.0
犬,2.0,0.5,0.0,0.0,0.5,1.0,0.0,0.0,0.5,0.5,0.0,0.0
馬,2.0,1.0,0.0,0.5,0.5,1.0,0.0,0.5,0.5,0.0,0.0,0.0
鳥,2.0,0.5,0.0,0.0,0.5,1.0,0.0,0.0,0.5,0.0,0.0,0.0
魚,2.0,0.5,0.0,0.0,0.5,1.0,0.0,0.0,0.5,0.0,0.0,0.0
花,1.0,1.0,1.0,1.0,1.0,1.0,1.0,1.0,1.0,1.0,1.0,1.5
木,1.0,1.0,1.0,1.0,1.0,1.0,1.0,1.0,1.0,1.0,1.0,1.0
山,1.0,1.0,1.0,1.0,1.0,1.0,1.0,1.0,1.0,1.0,1.0,1.5
海,1.0,1.0,1.0,1.0,1.0,1.0,1.0,1.0,1.0,1.0,1.0,1.5
川,1.0,1.0,1.0,1.0,1.0,1.0,1.0,1.0,1.0,1.0,1.0,1.5
雨,0.0,-1.0,-0.5,-0.5,-0.5,-0.5,-0.5,-0.5,-0.5,-0.5,-0.5,0.0
雪,0.0,-1.0,-0.5,-0.5,-0.5,-0.5,-0.5,-0.5,-0.5,-0.5,-0.5,0.0
太陽,2.0,1.5,1.5,1.5,1.5,1.5,1.5,1.5,1.5,1.5,1.0,1.0
月,0.0,-1.0,-0.5,-0.5,-0.5,-0.5,-0.5,-0.5,-0.5,-0.5,-0.5,0.0
星,0.0,-1.0,-0.5,-0.5,-0.5,-0.5,-0.5,-0.5,-0.5,-0.5,-0.5,0.0
家,1.0,0.5,0.5,1.0,1.0,1.0,0.5,0.5,0.5,0.5,0.5,0.5
学校,1.0,0.5,0.5,0.5,0.5,0.5,0.5,0.5,0.5,0.5,0.5,1.0
病院,0.5,0.5,0.5,0.5,0.5,0.5,0.5,0.5,0.5,0.5,0.5,0.5
会社,0.5,0.5,0.5,0.5,0.5,0.5,0.5,0.5,0.5,0.5,0.5,0.5
駅,0.5,0.5,0.5,0.5,0.5,0.5,0.5,0.5,0.5,0.5,0.5,0.5
本,0.5,0.5,0.5,1.0,0.5,0.5,1.5,0.5,0.5,0.5,0.5,0.5
映画,0.5,0.5,0.5,0.0,0.5,0.5,0.5,0.5,0.5,0.5,0.5,0.5
音楽,0.5,0.5,0.5,0.5,0.5,0.5,0.5,1.0,0.5,0.5,0.5,0.5
料理,0.0,0.5,0.5,0.0,0.5,0.5,0.5,0.5,1.0,0.5,0.5,0.5
旅行,0.5,0.5,0.5,0.5,0.5,0.5,0.5,0.5,0.5,0.5,0.5,1.0
仕事,0.0,0.5,0.0,0.0,0.0,0.0,0.0,0.0,0.0,0.0,0.0,0.0
友達,2.0,0.0,0.0,1.5,0.0,0.0,0.0,0.0,0.0,0.0,0.0,0.0
家族,0.0,0.0,0.0,1.0,0.0,0.0,0.0,0.0,0.0,0.0,0.0,0.0
先生,0.0,0.0,0.0,0.0,0.0,0.0,0.0,0.0,0.0,0.0,0.0,0.0
子ども,0.0,0.0,0.0,0.0,0.0,0.0,0.0,0.0,0.0,0.0,0.0,0.0
大人,0.0,0.5,0.0,0.0,0.0,0.0,0.0,0.0,0.0,0.0,0.0,0.0
科学,0.0,0.0,0.0,0.0,0.0,0.0,0.0,0.0,0.0,0.0,0.0,0.0
技術,0.0,0.0,0.0,0.0,0.0,0.0,0.0,0.0,0.0,0.0,0.0,0.0
人工知能,0.0,0.0,0.0,0.0,0.0,0.0,0.0,0.0,0.0,0.0,0.0,0.0
ロボット,0.0,0.0,0.0,0.0,0.0,0.0,0.0,0.0,0.0,0.0,0.0,0.0
コンピュータ,0.0,0.0,0.0,0.0,0.0,0.0,1.0,0.0,0.0,0.0,1.0,1.0
スマートフォン,2.0,1.5,1.0,2.0,1.0,1.0,0.5,1.0,1.5,1.0,0.5,0.5
インターネット,2.0,1.5,1.0,2.0,1.0,1.0,0.5,1.0,1.5,1.0,0.5,0.5
お金,0.0,-0.5,0.0,0.0,0.0,0.0,1.0,0.0,0.0,0.0,1.0,1.5
自由,2.0,1.5,1.5,1.5,1.5,1.5,0.5,1.5,1.5,1.5,0.5,0.5
平和,0.0,0.0,0.0,0.0,0.0,0.0,0.0,0.0,0.0,0.0,0.0,0.0
戦争,-0.5,1.0,-0.5,-0.5,-0.5,-0.5,-0.5,-0.5,-0.5,-0.5,-0.5,0.5
希望,1.0,1.0,1.0,1.0,1.0,1.0,1.0,1.0,1.0,1.0,1.0,1.0
不安,-1.0,-1.0,-1.0,-1.0,-1.0,-1.0,-1.0,-1.0,-1.0,-1.0,-1.0,1.5
愛,1.5,1.5,1.5,1.5,1.5,1.5,1.5,1.5,1.5,1.5,1.5,0.0
怒り,0.5,0.5,0.5,0.5,0.5,0.5,0.5,0.5,0.5,0.5,0.5,0.5
悲しみ,0.0,0.0,0.0,0.0,0.0,0.0,0.0,0.0,0.0,0.0,0.0,0.0
喜び,2.5,2.5,2.5,2.5,2.5,2.5,2.5,2.5,2.5,2.5,2.5,2.5
成功,1.5,1.5,1.5,1.5,1.5,1.5,1.5,1.5,1.5,1.5,1.5,1.5
失敗,0.0,0.0,0.0,0.0,0.0,0.0,0.0,0.0,0.0,0.0,0.0,0.0
