concept,neighbor,cosine_similarity,rank
猫,鳥,0.841299,1
猫,犬,0.822558,2
猫,子ども,0.806674,3
猫,花,0.802849,4
猫,動物,0.789006,5
犬,友達,0.92785,1
犬,友情,0.902372,2
犬,感謝,0.902366,3
犬,コーヒー,0.890498,4
犬,会話,0.887535,5
馬,太陽,0.836307,1
馬,木,0.832589,2
馬,川,0.815783,3
馬,動物,0.814102,4
馬,自然,0.788304,5
鳥,魚,0.881661,1
鳥,猫,0.841299,2
鳥,動物,0.81086,3
鳥,音,0.76354,4
鳥,犬,0.739556,5
魚,鳥,0.881661,1
魚,野菜,0.823195,2
魚,植物,0.817873,3
魚,果物,0.811672,4
魚,音,0.805217,5
花,果物,0.897768,1
花,魚料理,0.8757,2
花,植物,0.858918,3
花,お茶,0.852656,4
花,誕生,0.851454,5
木,自然,0.92399,1
木,水,0.915694,2
木,本,0.891759,3
木,地球,0.883682,4
木,植物,0.881754,5
山,月,0.94587,1
山,星,0.901434,2
山,海,0.878105,3
山,川,0.868715,4
山,木,0.841069,5
海,川,0.89571,1
海,地球,0.890667,2
海,山,0.878105,3
海,自然,0.86314,4
海,世界,0.858261,5
川,海,0.89571,1
川,水,0.885597,2
川,光,0.882875,3
川,山,0.868715,4
川,地球,0.86702,5
雨,音,0.750353,1
雨,魚,0.734688,2
雨,鳥,0.726444,3
雨,雪,0.718714,4
雨,変化,0.686682,5
雪,影,0.756615,1
雪,雨,0.718714,2
雪,月,0.711957,3
雪,終わり,0.693249,4
雪,冷たさ,0.689269,5
太陽,光,0.856887,1
太陽,指導者,0.856127,2
太陽,地球,0.855477,3
太陽,自然,0.840326,4
太陽,馬,0.836307,5
月,山,0.94587,1
月,星,0.861696,2
月,川,0.838705,3
月,白,0.804993,4
月,終わり,0.797022,5
星,山,0.901434,1
星,月,0.861696,2
星,海,0.789437,3
星,宇宙,0.76204,4
星,地球,0.741669,5
家,親,0.962257,1
家,信頼,0.939018,2
家,家族,0.933401,3
家,家族,0.933401,4
家,友情,0.908604,5
学校,会社,0.917535,1
学校,駅,0.905919,2
学校,教育,0.903113,3
学校,鉄道,0.873381,4
学校,指導者,0.862596,5
病院,鉄道,0.899938,1
病院,仕事,0.897266,2
病院,法律,0.869035,3
病院,会社,0.868579,4
病院,機械,0.860288,5
会社,駅,0.944922,1
会社,鉄道,0.940932,2
会社,仕事,0.932903,3
会社,学校,0.917535,4
会社,都市,0.914723,5
駅,会社,0.944922,1
駅,鉄道,0.923842,2
駅,仕事,0.910466,3
駅,学校,0.905919,4
駅,道路,0.877094,5
本,写真,0.911882,1
本,木,0.891759,2
本,秩序,0.886327,3
本,家,0.87462,4
本,信頼,0.874086,5
映画,都市,0.824061,1
映画,会社,0.809246,2
映画,鉄道,0.806044,3
映画,学校,0.794214,4
映画,技術,0.792136,5
音楽,芸術,0.854881,1
音楽,料理,0.839883,2
音楽,教育,0.780904,3
音楽,映画,0.760568,4
音楽,文化,0.760213,5
料理,友情,0.867325,1
料理,友達,0.86641,2
料理,家族,0.857889,3
料理,家族,0.857889,4
料理,旅行,0.856962,5
旅行,成長,0.887367,1
旅行,幸福,0.867558,2
旅行,健康,0.861921,3
旅行,料理,0.856962,4
旅行,友達,0.845287,5
仕事,経済,0.941129,1
仕事,会社,0.932903,2
仕事,駅,0.910466,3
仕事,技術,0.908103,4
仕事,病院,0.897266,5
友達,友情,0.963613,1
友達,家族,0.955103,2
友達,家族,0.955103,3
友達,親,0.945317,4
友達,感謝,0.944708,5
家族,家族,1.0,1
家族,親,0.96912,2
家族,友情,0.966177,3
家族,友達,0.955103,4
家族,信頼,0.950446,5
先生,先生,1.0,1
先生,秩序,0.945834,2
先生,指導者,0.928039,3
先生,文章,0.920338,4
先生,大人,0.918651,5
子ども,猫,0.806674,1
子ども,学生,0.79278,2
子ども,誕生,0.78287,3
子ども,幸福,0.764154,4
子ども,子,0.761101,5
大人,先生,0.918651,1
大人,先生,0.918651,2
大人,指導者,0.913944,3
大人,会話,0.901837,4
大人,権利,0.898936,5
科学,研究,0.923269,1
科学,医師,0.898848,2
科学,正義,0.884447,3
科学,日本,0.881982,4
科学,エネルギー,0.878303,5
技術,電気,0.920807,1
技術,仕事,0.908103,2
技術,コンピュータ,0.904739,3
技術,機械,0.90423,4
技術,鉄道,0.890856,5
人工知能,飛行機,0.86042,1
人工知能,技術,0.831004,2
人工知能,ロボット,0.820592,3
人工知能,インターネット,0.815345,4
人工知能,未来,0.805161,5
ロボット,人工知能,0.820592,1
ロボット,飛行機,0.766779,2
ロボット,機械,0.752491,3
ロボット,手術,0.735345,4
ロボット,コンピュータ,0.704392,5
コンピュータ,自動車,0.948244,1
コンピュータ,技術,0.904739,2
コンピュータ,機械,0.872734,3
コンピュータ,薬,0.870735,4
コンピュータ,電気,0.865951,5
スマートフォン,自動車,0.884789,1
スマートフォン,コンピュータ,0.837172,2
スマートフォン,お金,0.806076,3
スマートフォン,薬,0.781819,4
スマートフォン,技術,0.747105,5
インターネット,都市,0.872269,1
インターネット,技術,0.839767,2
インターネット,飛行機,0.827737,3
インターネット,人工知能,0.815345,4
インターネット,政治,0.808529,5
お金,自動車,0.872112,1
お金,薬,0.844797,2
お金,コンピュータ,0.841125,3
お金,電気,0.824556,4
お金,スマートフォン,0.806076,5
自由,自由,1.0,1
自由,成長,0.878381,2
自由,希望,0.869247,3
自由,好奇心,0.846025,4
自由,旅行,0.838493,5
平和,魚料理,0.885815,1
平和,秩序,0.885489,2
平和,米,0.877493,3
平和,植物,0.871641,4
平和,公園,0.861814,5
戦争,混乱,0.771281,1
戦争,危険,0.758647,2
戦争,恐怖,0.714432,3
戦争,怒り,0.638129,4
戦争,怒り,0.638129,5
希望,誕生,0.930445,1
希望,幸福,0.926636,2
希望,感謝,0.922043,3
希望,喜び,0.916304,4
希望,成長,0.90383,5
不安,失敗,0.874871,1
不安,不便さ,0.865923,2
不安,恐怖,0.827396,3
不安,怒り,0.82708,4
不安,怒り,0.82708,5
愛,友情,0.931658,1
愛,成長,0.916747,2
愛,幸福,0.912397,3
愛,家族,0.907174,4
愛,家族,0.907174,5
怒り,怒り,1.0,1
怒り,危険,0.870521,2
怒り,不安,0.82708,3
怒り,恐怖,0.782258,4
怒り,混乱,0.7598,5
悲しみ,孤独,0.904543,1
悲しみ,死,0.866735,2
悲しみ,老化,0.836681,3
悲しみ,遅さ,0.829712,4
悲しみ,不便さ,0.819836,5
喜び,幸福,0.957075,1
喜び,希望,0.916304,2
喜び,愛,0.883574,3
喜び,友情,0.873745,4
喜び,感謝,0.869886,5
成功,成長,0.917648,1
成功,愛,0.902432,2
成功,家族,0.887555,3
成功,家族,0.887555,4
成功,友情,0.881202,5
失敗,不便さ,0.918217,1
失敗,病気,0.898618,2
失敗,醜さ,0.889925,3
失敗,不安,0.874871,4
失敗,遅さ,0.85199,5
未来,人工知能,0.805161,1
未来,政治,0.730464,2
未来,宇宙,0.699746,3
未来,東京,0.698528,4
未来,インターネット,0.686843,5
過去,古さ,0.843476,1
過去,終わり,0.832838,2
過去,田舎,0.825353,3
過去,老人,0.806408,4
過去,始まり,0.789934,5
現在,文章,0.903328,1
現在,会社員,0.892962,2
現在,質問,0.87995,3
現在,会話,0.871865,4
現在,情報,0.851288,5
時間,空間,0.915548,1
時間,言葉,0.894348,2
時間,知識,0.890118,3
時間,情報,0.886851,4
時間,質問,0.878741,5
空間,時間,0.915548,1
空間,地域,0.913949,2
空間,情報,0.901827,3
空間,色,0.869831,4
空間,大きさ,0.856914,5
世界,地球,0.904,1
世界,環境,0.891794,2
世界,社会,0.86798,3
世界,歴史,0.867741,4
世界,海,0.858261,5
日本,東京,0.905484,1
日本,看護師,0.885385,2
日本,科学,0.881982,3
日本,医師,0.873273,4
日本,正義,0.872042,5
東京,日本,0.905484,1
東京,都市,0.864367,2
東京,学校,0.843355,3
東京,会社,0.831882,4
東京,指導者,0.823369,5
地域,空間,0.913949,1
地域,色,0.898743,2
地域,時間,0.870612,3
地域,米,0.866703,4
地域,川,0.861098,5
社会,エネルギー,0.886882,1
社会,文化,0.883525,2
社会,世界,0.86798,3
社会,科学,0.834935,4
社会,環境,0.831302,5
文化,社会,0.883525,1
文化,生命,0.849206,2
文化,科学,0.834012,3
文化,日本,0.830039,4
文化,指導者,0.823582,5
歴史,世界,0.867741,1
歴史,地球,0.866281,2
歴史,環境,0.834866,3
歴史,古さ,0.803365,4
歴史,知識,0.78776,5
政治,政治家,0.875528,1
政治,経済,0.867726,2
政治,都市,0.847078,3
政治,会社,0.822672,4
政治,社会,0.814946,5
経済,仕事,0.941129,1
経済,会社,0.911479,2
経済,技術,0.876092,3
経済,政治,0.867726,4
経済,鉄道,0.860574,5
法律,鉄道,0.907932,1
法律,会社,0.904381,2
法律,病院,0.869035,3
法律,技術,0.867302,4
法律,経済,0.837225,5
教育,看護師,0.919284,1
教育,指導者,0.906982,2
教育,正義,0.903642,3
教育,学校,0.903113,4
教育,知識,0.900616,5
医療,教育,0.899132,1
医療,医師,0.896688,2
医療,健康,0.894835,3
医療,安全,0.885877,4
医療,権利,0.8621,5
環境,地球,0.900154,1
環境,世界,0.891794,2
環境,情報,0.855236,3
環境,空間,0.852644,4
環境,文章,0.852144,5
自然,木,0.92399,1
自然,水,0.921313,2
自然,地球,0.916839,3
自然,海,0.86314,4
自然,光,0.861396,5
都市,会社,0.914723,1
都市,飛行機,0.884587,2
都市,インターネット,0.872269,3
都市,東京,0.864367,4
都市,政治,0.847078,5
田舎,過去,0.825353,1
田舎,始まり,0.801728,2
田舎,老人,0.781382,3
田舎,植物,0.778132,4
田舎,静けさ,0.770481,5
公園,平和,0.861814,1
公園,魚料理,0.860617,2
公園,水,0.827236,3
公園,光,0.826388,4
公園,学校,0.824703,5
道路,駅,0.877094,1
道路,規則,0.876708,2
道路,データ,0.86916,3
道路,鉄道,0.861898,4
道路,会社,0.834641,5
鉄道,会社,0.940932,1
鉄道,駅,0.923842,2
鉄道,法律,0.907932,3
鉄道,病院,0.899938,4
鉄道,機械,0.896893,5
飛行機,鉄道,0.893885,1
飛行機,都市,0.884587,2
飛行機,技術,0.875169,3
飛行機,機械,0.86275,4
飛行機,人工知能,0.86042,5
自動車,コンピュータ,0.948244,1
自動車,スマートフォン,0.884789,2
自動車,薬,0.873084,3
自動車,お金,0.872112,4
自動車,電気,0.843781,5
自転車,便利さ,0.70687,1
自転車,計画,0.704475,2
自転車,お茶,0.670452,3
自転車,学生,0.670123,4
自転車,農家,0.668091,5
船,機械,0.874803,1
船,鉄道,0.860678,2
船,電気,0.8325,3
船,飛行機,0.827815,4
船,道路,0.825363,5
食べ物,パン,0.919113,1
食べ物,家,0.891275,2
食べ物,お茶,0.886995,3
食べ物,言葉,0.882003,4
食べ物,友達,0.877345,5
水,自然,0.921313,1
水,木,0.915694,2
水,米,0.910812,3
水,光,0.907498,4
水,植物,0.902046,5
コーヒー,友達,0.936496,1
コーヒー,感謝,0.893313,2
コーヒー,家族,0.890949,3
コーヒー,家族,0.890949,4
コーヒー,犬,0.890498,5
お茶,魚料理,0.905389,1
お茶,パン,0.902262,2
お茶,果物,0.895954,3
お茶,食べ物,0.886995,4
お茶,米,0.884672,5
酒,コーヒー,0.743149,1
酒,便利さ,0.622266,2
酒,大人,0.613283,3
酒,答え,0.601336,4
酒,食べ物,0.599523,5
果物,野菜,0.954408,1
果物,植物,0.940447,2
果物,米,0.927033,3
果物,魚料理,0.911065,4
果物,花,0.897768,5
野菜,米,0.966232,1
野菜,植物,0.959045,2
野菜,果物,0.954408,3
野菜,水,0.895881,4
野菜,魚料理,0.869058,5
肉,パン,0.85091,1
肉,米,0.833794,2
肉,地域,0.831549,3
肉,時間,0.83006,4
肉,大きさ,0.823999,5
魚料理,果物,0.911065,1
魚料理,植物,0.909935,2
魚料理,お茶,0.905389,3
魚料理,米,0.897182,4
魚料理,平和,0.885815,5
パン,食べ物,0.919113,1
パン,お茶,0.902262,2
パン,家,0.882746,3
パン,肉,0.85091,4
パン,コーヒー,0.847041,5
米,野菜,0.966232,1
米,植物,0.947365,2
米,果物,0.927033,3
米,水,0.910812,4
米,魚料理,0.897182,5
家族,家族,1.0,1
家族,親,0.96912,2
家族,友情,0.966177,3
家族,友達,0.955103,4
家族,信頼,0.950446,5
結婚,家族,0.821339,1
結婚,家族,0.821339,2
結婚,友情,0.809157,3
結婚,医療,0.808377,4
結婚,健康,0.807845,5
恋愛,愛,0.900609,1
恋愛,幸福,0.861872,2
恋愛,友情,0.854371,3
恋愛,成長,0.842707,4
恋愛,旅行,0.837282,5
友情,家族,0.966177,1
友情,家族,0.966177,2
友情,友達,0.963613,3
友情,親,0.937679,4
友情,愛,0.931658,5
信頼,親,0.964833,1
信頼,家族,0.950446,2
信頼,家族,0.950446,3
信頼,感謝,0.945207,4
信頼,家,0.939018,5
責任,権利,0.934388,1
責任,大人,0.896029,2
責任,義務,0.894948,3
責任,健康,0.880774,4
責任,安全,0.868229,5
権利,健康,0.958027,1
権利,責任,0.934388,2
権利,信頼,0.921239,3
権利,安全,0.913689,4
権利,知識,0.899008,5
義務,責任,0.894948,1
義務,会社員,0.849632,2
義務,先生,0.822599,3
義務,先生,0.822599,4
義務,権利,0.811139,5
正義,教育,0.903642,1
正義,科学,0.884447,2
正義,研究,0.883065,3
正義,知識,0.881669,4
正義,日本,0.872042,5
自由,自由,1.0,1
自由,成長,0.878381,2
自由,希望,0.869247,3
自由,好奇心,0.846025,4
自由,旅行,0.838493,5
安全,健康,0.921378,1
安全,権利,0.913689,2
安全,知識,0.8988,3
安全,信頼,0.891627,4
安全,薬,0.886583,5
危険,恐怖,0.915908,1
危険,怒り,0.870521,2
危険,怒り,0.870521,3
危険,病気,0.821732,4
危険,混乱,0.820681,5
健康,権利,0.958027,1
健康,信頼,0.929186,2
健康,安全,0.921378,3
健康,家族,0.910949,4
健康,家族,0.910949,5
病気,失敗,0.898618,1
病気,死,0.851022,2
病気,危険,0.821732,3
病気,悲しみ,0.819143,4
病気,不便さ,0.805222,5
幸福,喜び,0.957075,1
幸福,希望,0.926636,2
幸福,友情,0.923693,3
幸福,友達,0.921265,4
幸福,愛,0.912397,5
孤独,悲しみ,0.904543,1
孤独,冷たさ,0.873418,2
孤独,死,0.8716,3
孤独,暗さ,0.836891,4
孤独,遅さ,0.810772,5
恐怖,危険,0.915908,1
恐怖,不安,0.827396,2
恐怖,失敗,0.795702,3
恐怖,病気,0.793938,4
恐怖,怒り,0.782258,5
怒り,怒り,1.0,1
怒り,危険,0.870521,2
怒り,不安,0.82708,3
怒り,恐怖,0.782258,4
怒り,混乱,0.7598,5
感謝,信頼,0.945207,1
感謝,友達,0.944708,2
感謝,親,0.934998,3
感謝,友情,0.928077,4
感謝,家族,0.92376,5
驚き,偶然,0.678905,1
驚き,新しさ,0.4681,2
驚き,混乱,0.456462,3
驚き,夢,0.450797,4
驚き,不安,0.433689,5
好奇心,成長,0.9,1
好奇心,希望,0.876166,2
好奇心,自由,0.846025,3
好奇心,自由,0.846025,4
好奇心,友情,0.81805,5
記憶,健康,0.881574,1
記憶,権利,0.872582,2
記憶,信頼,0.85902,3
記憶,家族,0.856804,4
記憶,家族,0.856804,5
夢,変化,0.586974,1
夢,偶然,0.520852,2
夢,自由,0.482937,3
夢,自由,0.482937,4
夢,不安,0.472398,5
睡眠,静けさ,0.899074,1
睡眠,記憶,0.818879,2
睡眠,本,0.811492,3
睡眠,家,0.803946,4
睡眠,お茶,0.798788,5
言葉,質問,0.923372,1
言葉,会話,0.907557,2
言葉,学生,0.895268,3
言葉,時間,0.894348,4
言葉,食べ物,0.882003,5
会話,学生,0.944846,1
会話,言葉,0.907557,2
会話,大人,0.901837,3
会話,犬,0.887535,4
会話,現在,0.871865,5
文章,答え,0.92133,1
文章,先生,0.920338,2
文章,先生,0.920338,3
文章,現在,0.903328,4
文章,秩序,0.902345,5
絵,写真,0.905111,1
絵,本,0.861291,2
絵,白,0.787247,3
絵,静けさ,0.784642,4
絵,空間,0.761852,5
写真,本,0.911882,1
写真,絵,0.905111,2
写真,空間,0.836264,3
写真,パン,0.81446,4
写真,真実,0.811737,5
ゲーム,映画,0.779291,1
ゲーム,野球,0.775278,2
ゲーム,サッカー,0.738605,3
ゲーム,自動車,0.728981,4
ゲーム,飛行機,0.720294,5
スポーツ,サッカー,0.93663,1
スポーツ,野球,0.933065,2
スポーツ,教育,0.819226,3
スポーツ,東京,0.802624,4
スポーツ,エネルギー,0.802141,5
野球,サッカー,0.961777,1
野球,スポーツ,0.933065,2
野球,会社,0.795213,3
野球,経済,0.792365,4
野球,都市,0.7891,5
サッカー,野球,0.961777,1
サッカー,スポーツ,0.93663,2
サッカー,東京,0.788263,3
サッカー,都市,0.773325,4
サッカー,インターネット,0.764015,5
音,色,0.903807,1
音,質問,0.903575,2
音,明るさ,0.869117,3
音,言葉,0.845656,4
音,時間,0.835402,5
静けさ,睡眠,0.899074,1
静けさ,植物,0.819272,2
静けさ,老人,0.807775,3
静けさ,隣人,0.799547,4
静けさ,果物,0.796773,5
光,水,0.907498,1
光,川,0.882875,2
光,明るさ,0.872248,3
光,自然,0.861396,4
光,木,0.860132,5
影,暗さ,0.917513,1
影,冷たさ,0.915644,2
影,黒,0.863101,3
影,死,0.856915,4
影,遅さ,0.818624,5
色,音,0.903807,1
色,地域,0.898743,2
色,質問,0.897968,3
色,空間,0.869831,4
色,言葉,0.867214,5
赤,熱,0.770139,1
赤,馬,0.750897,2
赤,動物,0.750162,3
赤,音,0.741569,4
赤,色,0.710994,5
青,白,0.934292,1
青,答え,0.774893,2
青,隣人,0.77356,3
青,色,0.773201,4
青,問題,0.769979,5
白,青,0.934292,1
白,空間,0.816145,2
白,野菜,0.815223,3
白,写真,0.811678,4
白,月,0.804993,5
黒,終わり,0.892204,1
黒,冷たさ,0.86776,2
黒,影,0.863101,3
黒,重さ,0.855867,4
黒,月,0.780335,5
美しさ,幸福,0.880218,1
美しさ,喜び,0.836819,2
美しさ,誕生,0.815733,3
美しさ,愛,0.809745,4
美しさ,感謝,0.79945,5
醜さ,不便さ,0.939661,1
醜さ,失敗,0.889925,2
醜さ,遅さ,0.854402,3
醜さ,死,0.83663,4
醜さ,暗さ,0.823734,5
大きさ,重さ,0.90722,1
大きさ,空間,0.856914,2
大きさ,終わり,0.854293,3
大きさ,地域,0.848004,4
大きさ,色,0.845662,5
小ささ,軽さ,0.859783,1
小ささ,子,0.817283,2
小ささ,始まり,0.77714,3
小ささ,田舎,0.696305,4
小ささ,静けさ,0.692144,5
速さ,明るさ,0.764277,1
速さ,旅行,0.762614,2
速さ,便利さ,0.745749,3
速さ,お金,0.695525,4
速さ,好奇心,0.691087,5
遅さ,死,0.860563,1
遅さ,暗さ,0.856638,2
遅さ,醜さ,0.854402,3
遅さ,老化,0.854321,4
遅さ,不便さ,0.853741,5
重さ,大きさ,0.90722,1
重さ,終わり,0.883694,2
重さ,黒,0.855867,3
重さ,問題,0.828219,4
重さ,隣人,0.810078,5
軽さ,小ささ,0.859783,1
軽さ,子,0.8094,2
軽さ,始まり,0.744479,3
軽さ,静けさ,0.69351,4
軽さ,子ども,0.689088,5
熱,赤,0.770139,1
熱,怒り,0.726899,2
熱,怒り,0.726898,3
熱,問題,0.695961,4
熱,音,0.690112,5
冷たさ,影,0.915644,1
冷たさ,孤独,0.873418,2
冷たさ,黒,0.86776,3
冷たさ,暗さ,0.846391,4
冷たさ,死,0.822515,5
明るさ,光,0.872248,1
明るさ,音,0.869117,2
明るさ,質問,0.865118,3
明るさ,言葉,0.836931,4
明るさ,水,0.828082,5
暗さ,影,0.917513,1
暗さ,死,0.90663,2
暗さ,遅さ,0.856638,3
暗さ,冷たさ,0.846391,4
暗さ,孤独,0.836891,5
新しさ,未来,0.488729,1
新しさ,驚き,0.4681,2
新しさ,自由,0.42003,3
新しさ,自由,0.42003,4
新しさ,喜び,0.398969,5
古さ,過去,0.843476,1
古さ,歴史,0.803365,2
古さ,山,0.803216,3
古さ,木,0.793372,4
古さ,月,0.759824,5
便利さ,健康,0.850984,1
便利さ,安全,0.842628,2
便利さ,コーヒー,0.827547,3
便利さ,権利,0.82028,4
便利さ,家,0.805427,5
不便さ,醜さ,0.939661,1
不便さ,失敗,0.918217,2
不便さ,不安,0.865923,3
不便さ,遅さ,0.853741,4
不便さ,悲しみ,0.819836,5
問題,質問,0.837077,1
問題,隣人,0.834278,2
問題,重さ,0.828219,3
問題,答え,0.823583,4
問題,音,0.814138,5
答え,文章,0.92133,1
答え,大人,0.87801,2
答え,信頼,0.875009,3
答え,先生,0.873548,4
答え,先生,0.873548,5
質問,言葉,0.923372,1
質問,音,0.903575,2
質問,色,0.897968,3
質問,現在,0.87995,4
質問,時間,0.878741,5
知識,真実,0.954039,1
知識,先生,0.906499,2
知識,先生,0.906499,3
知識,秩序,0.903157,4
知識,教育,0.900616,5
知恵,信頼,0.852382,1
知恵,記憶,0.852199,2
知恵,知識,0.850978,3
知恵,親,0.840228,4
知恵,家族,0.839891,5
情報,データ,0.923135,1
情報,会社員,0.916051,2
情報,秩序,0.905239,3
情報,空間,0.901827,4
情報,文章,0.89615,5
データ,情報,0.923135,1
データ,電気,0.876371,2
データ,道路,0.86916,3
データ,技術,0.856651,4
データ,安全,0.855888,5
真実,知識,0.954039,1
真実,先生,0.891708,2
真実,先生,0.891708,3
真実,秩序,0.881699,4
真実,安全,0.874188,5
嘘,失敗,0.827175,1
嘘,醜さ,0.812396,2
嘘,不便さ,0.791875,3
嘘,遅さ,0.76129,4
嘘,暗さ,0.704912,5
計画,薬,0.886337,1
計画,教育,0.882165,2
計画,安全,0.86093,3
計画,責任,0.856696,4
計画,会社員,0.855158,5
偶然,驚き,0.678905,1
偶然,失敗,0.641681,2
偶然,不安,0.630603,3
偶然,暗さ,0.562058,4
偶然,遅さ,0.548419,5
秩序,先生,0.945834,1
秩序,先生,0.945834,2
秩序,情報,0.905239,3
秩序,知識,0.903157,4
秩序,文章,0.902345,5
混乱,危険,0.820681,1
混乱,戦争,0.771281,2
混乱,恐怖,0.767965,3
混乱,怒り,0.7598,4
混乱,怒り,0.7598,5
規則,秩序,0.887105,1
規則,道路,0.876708,2
規則,情報,0.835122,3
規則,データ,0.820915,4
規則,義務,0.803147,5
変化,雨,0.686682,1
変化,熱,0.664452,2
変化,自由,0.647477,3
変化,自由,0.647477,4
変化,音,0.630904,5
成長,成功,0.917648,1
成長,愛,0.916747,2
成長,希望,0.90383,3
成長,好奇心,0.9,4
成長,友情,0.899086,5
老化,遅さ,0.854321,1
老化,悲しみ,0.836681,2
老化,死,0.825389,3
老化,孤独,0.779883,4
老化,病気,0.754217,5
始まり,子,0.821022,1
始まり,田舎,0.801728,2
始まり,過去,0.789934,3
始まり,小ささ,0.77714,4
始まり,老人,0.776944,5
終わり,黒,0.892204,1
終わり,重さ,0.883694,2
終わり,大きさ,0.854293,3
終わり,過去,0.832838,4
終わり,地域,0.806306,5
誕生,希望,0.930445,1
誕生,幸福,0.887155,2
誕生,喜び,0.869754,3
誕生,感謝,0.854857,4
誕生,花,0.851454,5
死,暗さ,0.90663,1
死,孤独,0.8716,2
死,悲しみ,0.866735,3
死,遅さ,0.860563,4
死,影,0.856915,5
生命,大人,0.87863,1
生命,健康,0.869625,2
生命,知識,0.855313,3
生命,権利,0.852343,4
生命,家族,0.851048,5
機械,電気,0.905768,1
機械,技術,0.90423,2
機械,鉄道,0.896893,3
機械,船,0.874803,4
機械,コンピュータ,0.872734,5
電気,技術,0.920807,1
電気,機械,0.905768,2
電気,仕事,0.888146,3
電気,データ,0.876371,4
電気,コンピュータ,0.865951,5
エネルギー,社会,0.886882,1
エネルギー,科学,0.878303,2
エネルギー,研究,0.853012,3
エネルギー,生命,0.830651,4
エネルギー,世界,0.826675,5
宇宙,星,0.76204,1
宇宙,世界,0.738311,2
宇宙,海,0.705032,3
宇宙,未来,0.699746,4
宇宙,山,0.625256,5
地球,自然,0.916839,1
地球,世界,0.904,2
地球,環境,0.900154,3
地球,海,0.890667,4
地球,水,0.889692,5
動物,犬,0.869679,1
動物,言葉,0.838992,2
動物,会話,0.836229,3
動物,馬,0.814102,4
動物,鳥,0.81086,5
植物,野菜,0.959045,1
植物,米,0.947365,2
植物,果物,0.940447,3
植物,魚料理,0.909935,4
植物,水,0.902046,5
微生物,失敗,0.604567,1
微生物,雨,0.550469,2
微生物,暗さ,0.528937,3
微生物,不安,0.51982,4
微生物,病気,0.50661,5
薬,安全,0.886583,1
薬,計画,0.886337,2
薬,自動車,0.873084,3
薬,コンピュータ,0.870735,4
薬,医療,0.860286,5
手術,病院,0.779545,1
手術,コンピュータ,0.740493,2
手術,ロボット,0.735345,3
手術,機械,0.726598,4
手術,薬,0.703466,5
研究,科学,0.923269,1
研究,教育,0.88548,2
研究,医師,0.885191,3
研究,正義,0.883065,4
研究,仕事,0.867986,5
発明,技術,0.843453,1
発明,人工知能,0.741419,2
発明,映画,0.739575,3
発明,学校,0.728235,4
発明,芸術,0.723955,5
芸術,音楽,0.854881,1
芸術,発明,0.723955,2
芸術,ゲーム,0.716123,3
芸術,映画,0.684671,4
芸術,愛,0.661535,5
宗教,生命,0.78275,1
宗教,結婚,0.769811,2
宗教,指導者,0.764883,3
宗教,大人,0.753121,4
宗教,文化,0.739784,5
祭り,文化,0.802825,1
祭り,公園,0.780385,2
祭り,太陽,0.756323,3
祭り,東京,0.742179,4
祭り,野球,0.727608,5
会社員,情報,0.916051,1
会社員,文章,0.895838,2
会社員,現在,0.892962,3
会社員,会話,0.871796,4
会社員,先生,0.870577,5
農家,親,0.82427,1
農家,信頼,0.813055,2
農家,記憶,0.802853,3
農家,感謝,0.79983,4
農家,言葉,0.790098,5
医師,科学,0.898848,1
医師,医療,0.896688,2
医師,看護師,0.886391,3
医師,研究,0.885191,4
医師,教育,0.883126,5
看護師,教育,0.919284,1
看護師,医師,0.886391,2
看護師,日本,0.885385,3
看護師,指導者,0.870026,4
看護師,学校,0.854782,5
警察,会社,0.882782,1
警察,仕事,0.872755,2
警察,病院,0.845677,3
警察,裁判官,0.841668,4
警察,政治家,0.830482,5
消防士,医師,0.875159,1
消防士,科学,0.845833,2
消防士,研究,0.826142,3
消防士,警察,0.823918,4
消防士,技術,0.811743,5
裁判官,警察,0.841668,1
裁判官,医師,0.832611,2
裁判官,研究,0.832026,3
裁判官,法律,0.813691,4
裁判官,正義,0.800637,5
政治家,政治,0.875528,1
政治家,会社,0.849136,2
政治家,警察,0.830482,3
政治家,都市,0.826862,4
政治家,経済,0.795164,5
学生,会話,0.944846,1
学生,言葉,0.895268,2
学生,権利,0.880325,3
学生,健康,0.87478,4
学生,質問,0.868295,5
先生,先生,1.0,1
先生,秩序,0.945834,2
先生,指導者,0.928039,3
先生,文章,0.920338,4
先生,大人,0.918651,5
親,家族,0.96912,1
親,家族,0.96912,2
親,信頼,0.964833,3
親,家,0.962257,4
親,友達,0.945317,5
子,隣人,0.851482,1
子,始まり,0.821022,2
子,小ささ,0.817283,3
子,軽さ,0.8094,4
子,子ども,0.761101,5
老人,隣人,0.828233,1
老人,静けさ,0.807775,2
老人,過去,0.806408,3
老人,お茶,0.789226,4
老人,田舎,0.781382,5
観光客,会話,0.80179,1
観光客,現在,0.783788,2
観光客,学生,0.757859,3
観光客,会社員,0.701815,4
観光客,質問,0.700185,5
隣人,子,0.851482,1
隣人,問題,0.834278,2
隣人,老人,0.828233,3
隣人,質問,0.825383,4
隣人,重さ,0.810078,5
指導者,先生,0.928039,1
指導者,先生,0.928039,2
指導者,大人,0.913944,3
指導者,教育,0.906982,4
指導者,看護師,0.870026,5
