dimension,side,rank,word,score
pleasant,right,1,火傷,-2.721781
pleasant,right,2,口臭,-2.67921
pleasant,right,3,最悪,-2.643421
pleasant,right,4,痛み,-2.640163
pleasant,right,5,臭い,-2.638405
pleasant,right,6,パワハラ,-2.63016
pleasant,right,7,痛める,-2.627116
pleasant,right,8,災害,-2.623386
pleasant,right,9,悲報,-2.6195
pleasant,right,10,痛,-2.613896
pleasant,left,1,絶品,2.545588
pleasant,left,2,ディズニーランド,2.447215
pleasant,left,3,素晴らしい,2.292703
pleasant,left,4,チョコ,2.270332
pleasant,left,5,ディズニー,2.26938
pleasant,left,6,蜜,2.261663
pleasant,left,7,笑顔,2.261395
pleasant,left,8,ケーキ,2.258406
pleasant,left,9,スイーツ,2.242239
pleasant,left,10,見事,2.233654
strong,right,1,赤ちゃん,-2.188497
strong,right,2,繊細,-2.13307
strong,right,3,乳幼児,-2.081665
strong,right,4,甘える,-2.054857
strong,right,5,ベビー,-2.04281
strong,right,6,幼稚,-2.001208
strong,right,7,そっと,-1.980799
strong,right,8,些細,-1.977781
strong,right,9,最小,-1.975813
strong,right,10,淡い,-1.964859
strong,left,1,最強,2.378132
strong,left,2,抜群,2.309322
strong,left,3,圧倒的,2.282738
strong,left,4,非常,2.272475
strong,left,5,太陽,2.257391
strong,left,6,ライオン,2.248923
strong,left,7,虎,2.231949
strong,left,8,高性能,2.22517
strong,left,9,全力,2.223507
strong,left,10,力強い,2.200711
active,right,1,じっと,-2.405282
active,right,2,不動,-2.386168
active,right,3,定休日,-2.372979
active,right,4,眠る,-2.349222
active,right,5,空き家,-2.348104
active,right,6,死者,-2.338531
active,right,7,寂しい,-2.287622
active,right,8,石,-2.285217
active,right,9,流石,-2.241302
active,right,10,古墳,-2.229917
active,left,1,渋谷,2.549916
active,left,2,強風,2.389351
active,left,3,フットサル,2.299935
active,left,4,ニューヨーク,2.288435
active,left,5,秋葉原,2.283113
active,left,6,サッカー,2.262116
active,left,7,マラソン,2.257698
active,left,8,賑わう,2.252004
active,left,9,駆ける,2.250655
active,left,10,全力,2.243898
familiar,right,1,臭い,-2.098659
familiar,right,2,口臭,-2.098519
familiar,right,3,無視,-2.024884
familiar,right,4,不利,-2.001096
familiar,right,5,臭,-2.000038
familiar,right,6,ネガティブ,-1.949217
familiar,right,7,否,-1.926417
familiar,right,8,怪しい,-1.924842
familiar,right,9,匿名,-1.867928
familiar,right,10,闇,-1.865528
familiar,left,1,アンパンマン,2.230935
familiar,left,2,ドラえもん,2.182976
familiar,left,3,ディズニー,2.124119
familiar,left,4,ミッキー,2.112767
familiar,left,5,パンダ,2.075835
familiar,left,6,富士山,2.067356
familiar,left,7,愛犬,2.06224
familiar,left,8,ディズニーランド,2.051014
familiar,left,9,スマホ,2.044955
familiar,left,10,可愛らしい,2.035871
safe,right,1,津波,-2.630838
safe,right,2,火災,-2.570532
safe,right,3,タバコ,-2.569966
safe,right,4,テロ,-2.536288
safe,right,5,ミサイル,-2.531302
safe,right,6,地震,-2.528989
safe,right,7,爆発,-2.485711
safe,right,8,戦争,-2.483694
safe,right,9,大戦,-2.45504
safe,right,10,台風,-2.441791
safe,left,1,新幹線,2.453489
safe,left,2,スイス,2.440595
safe,left,3,野菜,2.311786
safe,left,4,フィンランド,2.259919
safe,left,5,フルーツ,2.252788
safe,left,6,スウェーデン,2.227601
safe,left,7,果物,2.210516
safe,left,8,カナダ,2.200734
safe,left,9,お家,2.18479
safe,left,10,アットホーム,2.182799
warm,right,1,アイス,-2.740073
warm,right,2,氷,-2.722897
warm,right,3,雪,-2.705314
warm,right,4,スノー,-2.662387
warm,right,5,スキー場,-2.598848
warm,right,6,冷蔵庫,-2.561522
warm,right,7,高山,-2.534188
warm,right,8,スノーボード,-2.465929
warm,right,9,凍る,-2.428009
warm,right,10,冷凍,-2.426424
warm,left,1,猛暑,2.564654
warm,left,2,真夏,2.550913
warm,left,3,サウナ,2.407984
warm,left,4,ハワイ,2.30409
warm,left,5,太陽,2.295228
warm,left,6,火,2.260666
warm,left,7,温泉,2.20496
warm,left,8,銭湯,2.197356
warm,left,9,火災,2.189281
warm,left,10,愛犬,2.182811
simple,right,1,難関,-2.236435
simple,right,2,脳,-2.234922
simple,right,3,超絶,-1.962431
simple,right,4,難い,-1.951093
simple,right,5,難しい,-1.927532
simple,right,6,ディープ,-1.735554
simple,right,7,宇宙,-1.69613
simple,right,8,圏,-1.672305
simple,right,9,将棋,-1.659694
simple,right,10,暗号,-1.567926
simple,left,1,ハンカチ,2.337739
simple,left,2,バナナ,2.283237
simple,left,3,ダンボール,2.258183
simple,left,4,手洗い,2.249843
simple,left,5,直線,2.23759
simple,left,6,コップ,2.230759
simple,left,7,食パン,2.220909
simple,left,8,スティック,2.218096
simple,left,9,スリッパ,2.203773
simple,left,10,スプーン,2.200698
natural,right,1,プラスチック,-2.47753
natural,right,2,偽物,-2.401194
natural,right,3,ミサイル,-2.364074
natural,right,4,ポリエステル,-2.353785
natural,right,5,ロケット,-2.303832
natural,right,6,ナイロン,-2.293966
natural,right,7,サイバー,-2.29103
natural,right,8,地下鉄,-2.28276
natural,right,9,工場,-2.274522
natural,right,10,飛行機,-2.234178
natural,left,1,大山,2.763171
natural,left,2,太陽,2.76171
natural,left,3,富士山,2.744073
natural,left,4,山頂,2.734435
natural,left,5,夕日,2.73133
natural,left,6,マウンテン,2.723672
natural,left,7,高山,2.720411
natural,left,8,山,2.719769
natural,left,9,大河,2.713417
natural,left,10,青空,2.708237
valuable,right,1,ばか,-2.530692
valuable,right,2,馬鹿,-2.520123
valuable,right,3,ゴミ,-2.426433
valuable,right,4,最悪,-2.411833
valuable,right,5,悪質,-2.399935
valuable,right,6,雑草,-2.35924
valuable,right,7,悪,-2.358587
valuable,right,8,害虫,-2.344429
valuable,right,9,偽物,-2.342848
valuable,right,10,絶望,-2.331515
valuable,left,1,ダイヤモンド,2.777494
valuable,left,2,黄金,2.703208
valuable,left,3,ゴールド,2.651981
valuable,left,4,プラチナ,2.615005
valuable,left,5,ロレックス,2.610179
valuable,left,6,ルビー,2.599378
valuable,left,7,ルイヴィトン,2.590139
valuable,left,8,宝石,2.564813
valuable,left,9,ラグジュアリー,2.554403
valuable,left,10,抜群,2.551552
beautiful,right,1,最悪,-2.509669
beautiful,right,2,臭,-2.389761
beautiful,right,3,ばか,-2.383289
beautiful,right,4,禍,-2.361531
beautiful,right,5,口臭,-2.331499
beautiful,right,6,臭い,-2.320941
beautiful,right,7,悪質,-2.314022
beautiful,right,8,馬鹿,-2.242329
beautiful,right,9,テロ,-2.233862
beautiful,right,10,悪,-2.202959
beautiful,left,1,抜群,2.527701
beautiful,left,2,富士山,2.492183
beautiful,left,3,見事,2.466423
beautiful,left,4,絶景,2.462453
beautiful,left,5,ダイヤモンド,2.458645
beautiful,left,6,ジブリ,2.45723
beautiful,left,7,桜,2.433536
beautiful,left,8,素晴らしい,2.394712
beautiful,left,9,ルビー,2.385428
beautiful,left,10,絶妙,2.377552
large,right,1,原子,-2.770101
large,right,2,細菌,-2.728403
large,right,3,赤ちゃん,-2.672457
large,right,4,乳幼児,-2.662193
large,right,5,ベビー,-2.639222
large,right,6,小鳥,-2.638909
large,right,7,幼児,-2.621721
large,right,8,ポケット,-2.600752
large,right,9,粒子,-2.555968
large,right,10,零,-2.554682
large,left,1,宇宙,2.717151
large,left,2,太平洋,2.664554
large,left,3,海洋,2.635584
large,left,4,銀河,2.627949
large,left,5,鯨,2.623978
large,left,6,海,2.594455
large,left,7,オーシャン,2.590131
large,left,8,鮪,2.546436
large,left,9,最大級,2.537559
large,left,10,数千,2.50541
common,right,1,天才,-2.40127
common,right,2,希少,-2.276717
common,right,3,レア,-2.252097
common,right,4,唯一,-2.230416
common,right,5,ダイヤモンド,-2.139901
common,right,6,珍しい,-2.083009
common,right,7,貴重,-2.047129
common,right,8,奇跡,-2.003574
common,right,9,魔法,-1.972483
common,right,10,特有,-1.952959
common,left,1,冷蔵庫,2.702436
common,left,2,携帯電話,2.684967
common,left,3,スマホ,2.657646
common,left,4,スマートフォン,2.649898
common,left,5,電話,2.628389
common,left,6,飯,2.628297
common,left,7,台所,2.624469
common,left,8,パン,2.624344
common,left,9,洗濯機,2.602902
common,left,10,御飯,2.601503
intelligent,right,1,ゾンビ,-2.040056
intelligent,right,2,馬鹿,-1.997156
intelligent,right,3,ばか,-1.857039
intelligent,right,4,虫,-1.597748
intelligent,right,5,害虫,-1.582274
intelligent,right,6,最低,-1.412275
intelligent,right,7,此奴,-1.388691
intelligent,right,8,否,-1.361947
intelligent,right,9,駄目,-1.356278
intelligent,right,10,ネガティブ,-1.342137
intelligent,left,1,天才,2.274711
intelligent,left,2,優秀,2.079357
intelligent,left,3,達人,2.053186
intelligent,left,4,エキスパート,1.915751
intelligent,left,5,賢い,1.907557
intelligent,left,6,海豚,1.889145
intelligent,left,7,専門家,1.848008
intelligent,left,8,医者,1.837772
intelligent,left,9,医師,1.776597
intelligent,left,10,大学,1.771592
modern,right,1,アンティーク,-2.433285
modern,right,2,古墳,-2.42592
modern,right,3,聖書,-2.421527
modern,right,4,恐竜,-2.40521
modern,right,5,遺跡,-2.39321
modern,right,6,皇帝,-2.366772
modern,right,7,藩,-2.353229
modern,right,8,武将,-2.339328
modern,right,9,クラシック,-2.335987
modern,right,10,歌舞伎,-2.312043
modern,left,1,スマートフォン,2.481331
modern,left,2,スマホ,2.457584
modern,left,3,ドローン,2.309393
modern,left,4,仮想通貨,2.29176
modern,left,5,インターネット,2.283295
modern,left,6,Instagram,2.276583
modern,left,7,渋谷,2.247154
modern,left,8,iPhone,2.242672
modern,left,9,最先端,2.240573
modern,left,10,新幹線,2.233778
social,right,1,闇,-2.422632
social,right,2,瞑想,-2.353482
social,right,3,真空,-2.34737
social,right,4,北朝鮮,-2.340345
social,right,5,個室,-2.281861
social,right,6,空き家,-2.273113
social,right,7,砂漠,-2.2338
social,right,8,ソロ,-2.224001
social,right,9,隠れ家,-2.202584
social,right,10,単独,-2.146134
social,left,1,渋谷,2.527073
social,left,2,海豚,2.36737
social,left,3,ウェディング,2.253982
social,left,4,宴会,2.252524
social,left,5,結婚式,2.236818
social,left,6,銀座,2.207939
social,left,7,ニューヨーク,2.207134
social,left,8,シャンパン,2.203132
social,left,9,パーティー,2.179457
social,left,10,六本木,2.15633
honest,right,1,盗む,-2.642058
honest,right,2,詐欺,-2.56816
honest,right,3,犯人,-2.568158
honest,right,4,海賊,-2.562678
honest,right,5,闇金,-2.552447
honest,right,6,浮気,-2.5415
honest,right,7,盗難,-2.518852
honest,right,8,不倫,-2.517115
honest,right,9,フィッシング,-2.47035
honest,right,10,偽物,-2.459865
honest,left,1,正直,2.006128
honest,left,2,素直,1.998125
honest,left,3,天使,1.867858
honest,left,4,医者,1.862868
honest,left,5,騎士,1.855065
honest,left,6,真面目,1.825993
honest,left,7,看護師,1.819915
honest,left,8,仁,1.794763
honest,left,9,ボランティア,1.794731
honest,left,10,ハンドメイド,1.7572
reliable,right,1,海賊,-2.443166
reliable,right,2,詐欺,-2.374693
reliable,right,3,うそ,-2.353478
reliable,right,4,モンスター,-2.337209
reliable,right,5,悪魔,-2.329894
reliable,right,6,闇金,-2.323632
reliable,right,7,最悪,-2.315969
reliable,right,8,嘘,-2.310638
reliable,right,9,害虫,-2.30331
reliable,right,10,犯人,-2.272205
reliable,left,1,ロレックス,2.570909
reliable,left,2,新幹線,2.550321
reliable,left,3,医師,2.430798
reliable,left,4,トヨタ,2.368544
reliable,left,5,医者,2.364372
reliable,left,6,看護師,2.328836
reliable,left,7,正直,2.301144
reliable,left,8,ルイヴィトン,2.293417
reliable,left,9,誠実,2.280682
reliable,left,10,心強い,2.207101
fair,right,1,パワハラ,-2.512196
fair,right,2,盗む,-2.496578
fair,right,3,詐欺,-2.386753
fair,right,4,騙す,-2.329261
fair,right,5,最悪,-2.265693
fair,right,6,闇金,-2.2026
fair,right,7,盗難,-2.20093
fair,right,8,無理矢理,-2.150645
fair,right,9,虐待,-2.130132
fair,right,10,割高,-2.070311
fair,left,1,将棋,1.751488
fair,left,2,スクエア,1.700836
fair,left,3,マラソン,1.609792
fair,left,4,正当,1.584969
fair,left,5,調停,1.445171
fair,left,6,優良,1.444499
fair,left,7,選手権,1.439175
fair,left,8,円形,1.43216
fair,left,9,奨学金,1.40757
fair,left,10,柔道,1.396519
healthy,right,1,タバコ,-2.779028
healthy,right,2,喫煙,-2.675606
healthy,right,3,虐待,-2.675279
healthy,right,4,癌,-2.668557
healthy,right,5,パワハラ,-2.635666
healthy,right,6,がん,-2.631205
healthy,right,7,毒,-2.618375
healthy,right,8,腫瘍,-2.590859
healthy,right,9,ウイルス,-2.553423
healthy,right,10,自殺,-2.537131
healthy,left,1,ブロッコリー,2.599593
healthy,left,2,野菜,2.559741
healthy,left,3,ブルーベリー,2.483934
healthy,left,4,フルーツ,2.466543
healthy,left,5,果物,2.433937
healthy,left,6,ピラティス,2.418037
healthy,left,7,ヨーガ,2.412246
healthy,left,8,鮭,2.378166
healthy,left,9,ジョギング,2.375156
healthy,left,10,手洗い,2.354328
clean,right,1,最悪,-2.367845
clean,right,2,闇金,-2.289001
clean,right,3,地獄,-2.288838
clean,right,4,毒,-2.270893
clean,right,5,出血,-2.259024
clean,right,6,口臭,-2.247393
clean,right,7,黴,-2.211634
clean,right,8,泥,-2.201877
clean,right,9,沼,-2.186076
clean,right,10,詐欺,-2.156078
clean,left,1,シンガポール,2.500859
clean,left,2,スイス,2.328587
clean,left,3,青空,2.263927
clean,left,4,ディズニーランド,2.252364
clean,left,5,太陽光,2.223912
clean,left,6,新幹線,2.209892
clean,left,7,スウェーデン,2.181196
clean,left,8,フィンランド,2.176251
clean,left,9,真っ白,2.148957
clean,left,10,真珠,2.108001
orderly,right,1,パニック,-2.457455
orderly,right,2,狂う,-2.334569
orderly,right,3,最悪,-2.315672
orderly,right,4,災害,-2.250407
orderly,right,5,騒動,-2.218525
orderly,right,6,荒れる,-2.218147
orderly,right,7,嵐,-2.216537
orderly,right,8,渋滞,-2.206296
orderly,right,9,だらけ,-2.205315
orderly,right,10,洪水,-2.18408
orderly,left,1,シンガポール,2.415447
orderly,left,2,結晶,2.230478
orderly,left,3,ダイソー,2.153768
orderly,left,4,新幹線,2.150637
orderly,left,5,コストコ,2.108341
orderly,left,6,完璧,2.068928
orderly,left,7,スイス,2.050576
orderly,left,8,背骨,1.984398
orderly,left,9,パーフェクト,1.960914
orderly,left,10,きっちり,1.946331
useful,right,1,害虫,-2.711228
useful,right,2,虐待,-2.659016
useful,right,3,汚染,-2.656392
useful,right,4,詐欺,-2.604467
useful,right,5,馬鹿,-2.575795
useful,right,6,ばか,-2.568166
useful,right,7,渋滞,-2.558294
useful,right,8,フィッシング,-2.517564
useful,right,9,雑草,-2.507431
useful,right,10,虫歯,-2.50247
useful,left,1,冷蔵庫,2.677842
useful,left,2,スマートフォン,2.666525
useful,left,3,フライパン,2.641652
useful,left,4,携帯電話,2.626302
useful,left,5,パソコン,2.621294
useful,left,6,スマホ,2.620481
useful,left,7,キーボード,2.614581
useful,left,8,コンピューター,2.602051
useful,left,9,半導体,2.587135
useful,left,10,台所,2.578438
creative,right,1,保守,-2.397662
creative,right,2,老舗,-2.054011
creative,right,3,伝統的,-2.043686
creative,right,4,従来,-2.032624
creative,right,5,天皇,-1.853756
creative,right,6,自民,-1.846998
creative,right,7,厳密,-1.818821
creative,right,8,順守,-1.801554
creative,right,9,最低限,-1.750296
creative,right,10,北朝鮮,-1.736317
creative,left,1,画家,2.165687
creative,left,2,天才,2.101481
creative,left,3,ジブリ,2.099261
creative,left,4,ミュージシャン,2.09543
creative,left,5,イラストレーター,2.043382
creative,left,6,ジャズ,2.023621
creative,left,7,幻想,1.959119
creative,left,8,ファンタジー,1.946242
creative,left,9,原宿,1.933576
creative,left,10,作家,1.907791
serious,right,1,お笑い,-1.962611
serious,right,2,悪戯,-1.899989
serious,right,3,仮装,-1.868723
serious,right,4,パンク,-1.859789
serious,right,5,勝手,-1.855087
serious,right,6,コメディー,-1.849195
serious,right,7,幼稚,-1.842504
serious,right,8,狂う,-1.785619
serious,right,9,目茶目茶,-1.736682
serious,right,10,フェーク,-1.671292
serious,left,1,アナウンサー,1.969846
serious,left,2,医院,1.943058
serious,left,3,看護師,1.926267
serious,left,4,裁判所,1.920466
serious,left,5,一生懸命,1.915519
serious,left,6,国連,1.902426
serious,left,7,医療機関,1.900386
serious,left,8,病院,1.896593
serious,left,9,医師,1.886232
serious,left,10,役所,1.881888
calm,right,1,テロ,-2.336546
calm,right,2,海賊,-2.307134
calm,right,3,津波,-2.298539
calm,right,4,パンク,-2.278941
calm,right,5,パニック,-2.234271
calm,right,6,最悪,-2.219593
calm,right,7,嵐,-2.170559
calm,right,8,ミサイル,-2.157992
calm,right,9,大戦,-2.079538
calm,right,10,戦争,-2.066928
calm,left,1,パンダ,2.359914
calm,left,2,観音,2.355902
calm,left,3,天使,2.292006
calm,left,4,スヌーピー,2.290122
calm,left,5,ゆったり,2.229668
calm,left,6,アンパンマン,2.215673
calm,left,7,鳩,2.199436
calm,left,8,にこにこ,2.160339
calm,left,9,リラクセーション,2.152612
calm,left,10,祖母,2.148403
hopeful,right,1,悲報,-2.62514
hopeful,right,2,最悪,-2.621803
hopeful,right,3,パニック,-2.611535
hopeful,right,4,絶望,-2.597408
hopeful,right,5,恐ろしい,-2.587219
hopeful,right,6,地獄,-2.534085
hopeful,right,7,物凄い,-2.53303
hopeful,right,8,禍,-2.527045
hopeful,right,9,恐怖,-2.51567
hopeful,right,10,凄い,-2.510259
hopeful,left,1,ディズニーランド,2.291456
hopeful,left,2,ディズニー,2.194336
hopeful,left,3,ハッピー,2.174633
hopeful,left,4,天国,2.159234
hopeful,left,5,プリキュア,2.116816
hopeful,left,6,天使,2.080946
hopeful,left,7,わくわく,2.079561
hopeful,left,8,ウェディング,2.035008
hopeful,left,9,エンジェル,2.032807
hopeful,left,10,ポジティブ,2.027904
personal,right,1,広場,-2.377882
personal,right,2,地下鉄,-2.363293
personal,right,3,緊急事態宣言,-2.346448
personal,right,4,満席,-2.333683
personal,right,5,市役所,-2.328223
personal,right,6,市営,-2.325989
personal,right,7,宇宙,-2.32311
personal,right,8,国道,-2.314737
personal,right,9,スタジアム,-2.314055
personal,right,10,大戦,-2.298854
personal,left,1,マイホーム,2.460535
personal,left,2,御自宅,2.397425
personal,left,3,我が家,2.373499
personal,left,4,寝室,2.367765
personal,left,5,自宅,2.302573
personal,left,6,親友,2.289104
personal,left,7,直感,2.286664
personal,left,8,イヤホン,2.27108
personal,left,9,孤独,2.263335
personal,left,10,思い出,2.261514
stable,right,1,パニック,-2.507019
stable,right,2,嵐,-2.488509
stable,right,3,戦国,-2.473667
stable,right,4,災害,-2.394901
stable,right,5,強風,-2.376669
stable,right,6,破綻,-2.352071
stable,right,7,地震,-2.3456
stable,right,8,爆発,-2.3383
stable,right,9,倒産,-2.330259
stable,right,10,緊急,-2.324979
stable,left,1,スイス,2.447476
stable,left,2,三脚,2.418479
stable,left,3,コンクリート,2.410231
stable,left,4,新幹線,2.398967
stable,left,5,正社員,2.362236
stable,left,6,セブン‐イレブン,2.349351
stable,left,7,シンガポール,2.347305
stable,left,8,スターバックス,2.347261
stable,left,9,トヨタ,2.345338
stable,left,10,ユニクロ,2.329436
expensive,right,1,ダンボール,-2.792234
expensive,right,2,ハンカチ,-2.648426
expensive,right,3,激安,-2.617938
expensive,right,4,最安値,-2.488272
expensive,right,5,無償,-2.474087
expensive,right,6,無料,-2.452936
expensive,right,7,バナナ,-2.357438
expensive,right,8,格安,-2.324307
expensive,right,9,折り紙,-2.301256
expensive,right,10,フリマ,-2.294492
expensive,left,1,黄金,2.765193
expensive,left,2,ダイヤモンド,2.759343
expensive,left,3,ロレックス,2.758605
expensive,left,4,ルイヴィトン,2.755452
expensive,left,5,プラダ,2.689164
expensive,left,6,プラチナ,2.667129
expensive,left,7,ゴールド,2.665185
expensive,left,8,ラグジュアリー,2.584125
expensive,left,9,真珠,2.501204
expensive,left,10,シャンパン,2.497398
powerful,right,1,赤ちゃん,-2.17299
powerful,right,2,ベビー,-2.138577
powerful,right,3,被害者,-2.130629
powerful,right,4,否,-2.053012
powerful,right,5,乳幼児,-2.018152
powerful,right,6,幼稚,-1.941654
powerful,right,7,最小,-1.929582
powerful,right,8,幼い,-1.924112
powerful,right,9,幼児,-1.881763
powerful,right,10,甘える,-1.86238
powerful,left,1,ライオン,2.387976
powerful,left,2,最強,2.365975
powerful,left,3,虎,2.361882
powerful,left,4,米軍,2.328551
powerful,left,5,ミサイル,2.31064
powerful,left,6,太陽,2.290791
powerful,left,7,鮪,2.28875
powerful,left,8,タイガー,2.251511
powerful,left,9,ガンダム,2.251358
powerful,left,10,津波,2.248113
joyful,right,1,悲報,-2.685026
joyful,right,2,絶望,-2.654159
joyful,right,3,震災,-2.62342
joyful,right,4,最悪,-2.603411
joyful,right,5,禍,-2.577525
joyful,right,6,トラウマ,-2.569333
joyful,right,7,虐待,-2.548551
joyful,right,8,葬,-2.524344
joyful,right,9,津波,-2.516284
joyful,right,10,被災,-2.515491
joyful,left,1,ディズニーランド,2.387382
joyful,left,2,ミッキー,2.252773
joyful,left,3,ディズニー,2.231158
joyful,left,4,絶品,2.176831
joyful,left,5,ドラえもん,2.166539
joyful,left,6,わくわく,2.156153
joyful,left,7,夏祭り,2.153737
joyful,left,8,にこにこ,2.115646
joyful,left,9,陽気,2.103287
joyful,left,10,わいわい,2.091232
exciting,right,1,寂しい,-2.015168
exciting,right,2,飽きる,-2.007627
exciting,right,3,駄目,-2.001968
exciting,right,4,ネガティブ,-1.939067
exciting,right,5,遅い,-1.854637
exciting,right,6,最低,-1.849995
exciting,right,7,不利,-1.848817
exciting,right,8,だらだら,-1.843139
exciting,right,9,怠る,-1.841351
exciting,right,10,地味,-1.83755
exciting,left,1,ディズニーランド,2.167614
exciting,left,2,圧巻,2.124129
exciting,left,3,パニック,2.107127
exciting,left,4,グランプリ,2.070996
exciting,left,5,情熱,1.993246
exciting,left,6,強烈,1.951431
exciting,left,7,渋谷,1.916111
exciting,left,8,決勝,1.906661
exciting,left,9,激しい,1.902475
exciting,left,10,花火,1.894545
trusting,right,1,闇金,-2.430892
trusting,right,2,スパイ,-2.384298
trusting,right,3,海賊,-2.337318
trusting,right,4,嘘,-2.307181
trusting,right,5,偽物,-2.274998
trusting,right,6,うそ,-2.265772
trusting,right,7,噂,-2.208769
trusting,right,8,悪魔,-2.208488
trusting,right,9,浮気,-2.180782
trusting,right,10,不正,-2.136969
trusting,left,1,ロレックス,2.588508
trusting,left,2,新幹線,2.505426
trusting,left,3,トヨタ,2.479604
trusting,left,4,ルイヴィトン,2.407808
trusting,left,5,母親,2.333101
trusting,left,6,スイス,2.322084
trusting,left,7,正直,2.318304
trusting,left,8,誠実,2.317485
trusting,left,9,お母さん,2.312498
trusting,left,10,Google,2.31053
cooperative,right,1,魔王,-2.591373
cooperative,right,2,大戦,-2.546059
cooperative,right,3,戦争,-2.532856
cooperative,right,4,殴る,-2.507746
cooperative,right,5,悪魔,-2.502254
cooperative,right,6,怒り,-2.493297
cooperative,right,7,喧嘩,-2.474522
cooperative,right,8,敵,-2.46349
cooperative,right,9,攻撃,-2.459617
cooperative,right,10,悪,-2.454837
cooperative,left,1,合唱,2.3152
cooperative,left,2,オーケストラ,2.29812
cooperative,left,3,ボランティア,2.238078
cooperative,left,4,助手,2.190484
cooperative,left,5,プリキュア,2.176884
cooperative,left,6,アシスタント,2.174846
cooperative,left,7,応援,2.169243
cooperative,left,8,手伝い,2.132958
cooperative,left,9,手伝う,2.107628
cooperative,left,10,ヘルパー,2.102761
intimate,right,1,遥か,-2.321214
intimate,right,2,孤独,-2.284304
intimate,right,3,遠方,-2.244131
intimate,right,4,遠い,-2.19513
intimate,right,5,宇宙,-2.128571
intimate,right,6,寂しい,-2.086008
intimate,right,7,遠く,-2.058083
intimate,right,8,砂漠,-2.030589
intimate,right,9,スペース,-2.025453
intimate,right,10,ネガティブ,-1.992015
intimate,left,1,愛犬,2.141406
intimate,left,2,我が家,2.07775
intimate,left,3,マイホーム,2.052748
intimate,left,4,故郷,2.034607
intimate,left,5,自宅,2.031662
intimate,left,6,実家,2.023753
intimate,left,7,母さん,2.011539
intimate,left,8,母子,1.99877
intimate,left,9,お家,1.992426
intimate,left,10,お母さん,1.990898
temporary,right,1,慢性,-2.51037
temporary,right,2,認知症,-2.436786
temporary,right,3,無限,-2.389986
temporary,right,4,永久,-2.379816
temporary,right,5,老舗,-2.361844
temporary,right,6,永遠,-2.3602
temporary,right,7,糖尿病,-2.312561
temporary,right,8,正社員,-2.255344
temporary,right,9,常勤,-2.252732
temporary,right,10,背骨,-2.232875
temporary,left,1,花火,2.529697
temporary,left,2,バルーン,2.507925
temporary,left,3,風船,2.477708
temporary,left,4,桜,2.350739
temporary,left,5,蛍,2.331954
temporary,left,6,フラッシュ,2.320597
temporary,left,7,花見,2.313021
temporary,left,8,バブル,2.312837
temporary,left,9,夢,2.294089
temporary,left,10,紅葉,2.293599
future,right,1,古代,-2.53521
future,right,2,古い,-2.510923
future,right,3,恐竜,-2.507557
future,right,4,アンティーク,-2.492075
future,right,5,江戸,-2.437238
future,right,6,昭和,-2.409372
future,right,7,徳川,-2.401342
future,right,8,ビンテージ,-2.381971
future,right,9,忍者,-2.381209
future,right,10,戦国,-2.372408
future,left,1,次世代,1.840122
future,left,2,最先端,1.838472
future,left,3,VR,1.723053
future,left,4,SF,1.706917
future,left,5,仮想通貨,1.677788
future,left,6,AI,1.658184
future,left,7,未来,1.622747
future,left,8,宇宙,1.612793
future,left,9,NFT,1.599742
future,left,10,今後,1.564851
bright,right,1,深夜,-2.654025
bright,right,2,夜中,-2.617775
bright,right,3,夜勤,-2.569658
bright,right,4,ナイト,-2.562437
bright,right,5,絶望,-2.552533
bright,right,6,夜間,-2.551817
bright,right,7,黒い,-2.545254
bright,right,8,闇,-2.54082
bright,right,9,ダンジョン,-2.529552
bright,right,10,夜,-2.522616
bright,left,1,太陽,2.690612
bright,left,2,朝日,2.437302
bright,left,3,真っ白,2.429253
bright,left,4,レーザー,2.388437
bright,left,5,青空,2.346613
bright,left,6,星,2.325963
bright,left,7,太陽光,2.308496
bright,left,8,日光,2.297713
bright,left,9,サン,2.288908
bright,left,10,真夏,2.288885
light,right,1,ヘビー,-2.283406
light,right,2,トラウマ,-2.24289
light,right,3,悲報,-2.112658
light,right,4,巨人,-2.083441
light,right,5,絶望,-2.053377
light,right,6,重症,-2.051131
light,right,7,過酷,-2.037409
light,right,8,難関,-2.011199
light,right,9,苦しい,-1.989453
light,right,10,苦しむ,-1.987609
light,left,1,ハンカチ,2.36155
light,left,2,風船,2.361209
light,left,3,花粉,2.332391
light,left,4,バルーン,2.304421
light,left,5,小鳥,2.294151
light,left,6,ふわふわ,2.272398
light,left,7,羽,2.177855
light,left,8,スリッパ,2.17779
light,left,9,蝶,2.170134
light,left,10,鳩,2.163425
fast,right,1,渋滞,-2.511662
fast,right,2,だらだら,-2.170701
fast,right,3,便秘,-2.151697
fast,right,4,最悪,-2.146828
fast,right,5,慢性,-2.000835
fast,right,6,まったり,-1.993934
fast,right,7,詰まり,-1.991619
fast,right,8,古い,-1.986242
fast,right,9,夜勤,-1.9847
fast,right,10,亀,-1.971382
fast,left,1,新幹線,2.66232
fast,left,2,鮪,2.612685
fast,left,3,ロケット,2.58608
fast,left,4,ミサイル,2.564416
fast,left,5,特急,2.50716
fast,left,6,飛行機,2.427422
fast,left,7,ジェット,2.374258
fast,left,8,最速,2.362291
fast,left,9,津波,2.347748
fast,left,10,虎,2.3409
moral,right,1,最悪,-2.686805
moral,right,2,虐待,-2.666009
moral,right,3,詐欺,-2.662028
moral,right,4,殺人,-2.641661
moral,right,5,テロ,-2.616556
moral,right,6,殺害,-2.598301
moral,right,7,盗難,-2.551191
moral,right,8,馬鹿,-2.53516
moral,right,9,悪質,-2.533878
moral,right,10,ばか,-2.524719
moral,left,1,素晴らしい,2.599717
moral,left,2,絶品,2.586452
moral,left,3,正直,2.541771
moral,left,4,見事,2.52858
moral,left,5,傑作,2.527332
moral,left,6,抜群,2.521248
moral,left,7,誠実,2.448028
moral,left,8,幸せ,2.423907
moral,left,9,絶賛,2.410284
moral,left,10,天使,2.40953
correct,right,1,嘘,-2.165344
correct,right,2,うそ,-2.145882
correct,right,3,エラー,-1.887757
correct,right,4,フェーク,-1.849897
correct,right,5,無効,-1.746035
correct,right,6,不正,-1.745185
correct,right,7,駄目,-1.713812
correct,right,8,ばか,-1.635958
correct,right,9,偽,-1.602262
correct,right,10,誤,-1.45584
correct,left,1,富士山,2.207995
correct,left,2,満点,2.187811
correct,left,3,スマートフォン,2.168828
correct,left,4,携帯電話,2.167182
correct,left,5,果物,2.100347
correct,left,6,宇宙,2.097514
correct,left,7,飛行機,2.092272
correct,left,8,スマホ,2.091302
correct,left,9,動物園,2.090473
correct,left,10,新幹線,2.086221
responsible,right,1,盗む,-2.370007
responsible,right,2,詐欺,-2.172194
responsible,right,3,サボる,-2.165347
responsible,right,4,フィッシング,-2.120673
responsible,right,5,勝手,-2.111932
responsible,right,6,盗難,-2.013183
responsible,right,7,勝手に,-2.010102
responsible,right,8,浮気,-2.003956
responsible,right,9,闇金,-2.003296
responsible,right,10,海賊,-1.989975
responsible,left,1,看護師,2.284583
responsible,left,2,医師,2.128214
responsible,left,3,薬剤師,2.090862
responsible,left,4,医者,2.081769
responsible,left,5,ナース,1.977435
responsible,left,6,母親,1.973081
responsible,left,7,万全,1.944698
responsible,left,8,看護,1.923718
responsible,left,9,教師,1.879587
responsible,left,10,介護職,1.828393
alive,right,1,岩,-2.532039
alive,right,2,死者,-2.388619
alive,right,3,ハードウェア,-2.370601
alive,right,4,石,-2.308497
alive,right,5,螺子,-2.257633
alive,right,6,金属,-2.251792
alive,right,7,コンクリート,-2.249147
alive,right,8,サーバー,-2.233273
alive,right,9,掃除機,-2.23313
alive,right,10,真空,-2.224755
alive,left,1,海豚,2.588544
alive,left,2,馬,2.56491
alive,left,3,犬,2.544967
alive,left,4,子猫,2.522063
alive,left,5,牛,2.517757
alive,left,6,ドッグ,2.509198
alive,left,7,渋谷,2.506243
alive,left,8,子犬,2.436943
alive,left,9,猫,2.435607
alive,left,10,猿,2.420234
organic,right,1,サーバー,-2.352844
organic,right,2,ステンレス,-2.344555
organic,right,3,ATM,-2.338806
organic,right,4,CPU,-2.303052
organic,right,5,螺子,-2.289701
organic,right,6,アルミ,-2.288183
organic,right,7,鋼,-2.287181
organic,right,8,レーダー,-2.280024
organic,right,9,スチール,-2.279148
organic,right,10,コンクリート,-2.277935
organic,left,1,子猫,2.521073
organic,left,2,海豚,2.489293
organic,left,3,子犬,2.450033
organic,left,4,蝶,2.446229
organic,left,5,森林,2.428189
organic,left,6,猫,2.413003
organic,left,7,樹木,2.412965
organic,left,8,木々,2.408581
organic,left,9,犬,2.39417
organic,left,10,ドッグ,2.386946
deep,right,1,簡単,-2.147688
deep,right,2,薄い,-2.137675
deep,right,3,薄型,-2.031586
deep,right,4,最短,-1.992466
deep,right,5,安易,-1.960378
deep,right,6,軽い,-1.95444
deep,right,7,幼稚,-1.948493
deep,right,8,あっさり,-1.944434
deep,right,9,簡易,-1.885725
deep,right,10,単純,-1.884516
deep,left,1,太平洋,2.288856
deep,left,2,オーシャン,2.088057
deep,left,3,宇宙,1.98057
deep,left,4,人生,1.946687
deep,left,5,トラウマ,1.935914
deep,left,6,ダンジョン,1.931778
deep,left,7,永遠,1.926775
deep,left,8,絶大,1.923408
deep,left,9,名作,1.919051
deep,left,10,無意識,1.902911
specialized,right,1,バナナ,-2.622873
specialized,right,2,日常生活,-2.619593
specialized,right,3,日常,-2.593905
specialized,right,4,いやいや,-2.577304
specialized,right,5,日常的,-2.568376
specialized,right,6,雑談,-2.555611
specialized,right,7,抱っこ,-2.547907
specialized,right,8,ねえ,-2.544067
specialized,right,9,フルーツ,-2.524155
specialized,right,10,歩く,-2.520274
specialized,left,1,圏,2.119119
specialized,left,2,税理士,1.84444
specialized,left,3,博士,1.842358
specialized,left,4,弁護士,1.806497
specialized,left,5,アスリート,1.762406
specialized,left,6,コンサルタント,1.688312
specialized,left,7,大学院,1.662036
specialized,left,8,外科,1.654546
specialized,left,9,エンジニア,1.604817
specialized,left,10,シェフ,1.596035
interesting,right,1,電話番号,-2.025574
interesting,right,2,駄目,-1.985664
interesting,right,3,食パン,-1.981029
interesting,right,4,お疲れ様,-1.973497
interesting,right,5,面倒臭い,-1.957701
interesting,right,6,領収書,-1.948629
interesting,right,7,頼む,-1.941782
interesting,right,8,閉店,-1.939681
interesting,right,9,レシート,-1.939412
interesting,right,10,いやいや,-1.934344
interesting,left,1,宇宙,1.829121
interesting,left,2,恐竜,1.799673
interesting,left,3,ファンタジー,1.442263
interesting,left,4,有名人,1.440723
interesting,left,5,銀河,1.399084
interesting,left,6,魔法,1.39636
interesting,left,7,仮想通貨,1.390427
interesting,left,8,信長,1.361503
interesting,left,9,ミステリー,1.361011
interesting,left,10,最先端,1.320116
open,right,1,北朝鮮,-2.64026
open,right,2,非公開,-2.387688
open,right,3,洞窟,-2.37327
open,right,4,シークレット,-2.340944
open,right,5,閉店,-2.306752
open,right,6,秘密,-2.305829
open,right,7,闇,-2.272831
open,right,8,金庫,-2.269346
open,right,9,引き籠もり,-2.258401
open,right,10,秘訣,-2.255506
open,left,1,アウトドア,2.396899
open,left,2,青空,2.359408
open,left,3,太平洋,2.34048
open,left,4,オーシャン,2.322136
open,left,5,野外,2.272061
open,left,6,星空,2.264568
open,left,7,海上,2.262793
open,left,8,屋外,2.259405
open,left,9,ビーチ,2.254601
open,left,10,ウィキ,2.23605
private,right,1,市役所,-2.571906
private,right,2,国道,-2.55229
private,right,3,国連,-2.489378
private,right,4,郵便局,-2.468228
private,right,5,労働省,-2.451003
private,right,6,警察,-2.441455
private,right,7,NHK,-2.424621
private,right,8,政府,-2.411451
private,right,9,役所,-2.407724
private,right,10,市営,-2.394009
private,left,1,お家,2.536687
private,left,2,寝室,2.524185
private,left,3,御自宅,2.521231
private,left,4,自宅,2.484141
private,left,5,我が家,2.479084
private,left,6,浴室,2.471707
private,left,7,マイホーム,2.445407
private,left,8,家,2.422668
private,left,9,浴槽,2.398452
private,left,10,クローゼット,2.359096
