dimension,pc1_loading,pc2_loading,pc3_loading,factor1_loading,factor2_loading,factor3_loading
pleasant,0.77855433,-0.1644864,0.39479615,0.70010317,-0.06719737,0.5485275
strong,0.19417713,0.76848782,-0.06308664,0.06064528,0.77947535,0.01636085
active,0.16907029,0.55926073,0.25853546,0.30830641,0.50794973,-0.08147281
familiar,0.69331002,-0.32335907,0.25220422,0.50943418,-0.20829791,0.56870687
safe,0.72440402,-0.48201736,-0.14066741,0.17463688,-0.30820822,0.80334917
warm,0.4839004,-0.06293532,0.45677801,0.58270095,-0.02406038,0.24726708
simple,-0.10569945,-0.66668998,0.20688327,0.10095307,-0.66464127,-0.02195456
natural,0.04073588,-0.17165572,0.37857611,0.29777039,-0.18703245,-0.06547813
valuable,0.86965485,0.15129134,-0.08596206,0.31541712,0.3318542,0.75757803
beautiful,0.7504469,-0.03547076,0.30859759,0.60153028,0.06734259,0.5279367
large,0.30727513,0.61366683,-0.1401414,0.03996949,0.64652527,0.17893498
common,0.09810403,-0.50290551,-0.27193662,-0.20235746,-0.40024474,0.29741123
intelligent,0.65575025,0.34127681,-0.23603707,0.09693254,0.48165074,0.5807401
modern,0.16728998,0.28265453,-0.0689977,0.03326381,0.28282705,0.10203743
social,0.46252477,0.13633096,0.34658258,0.48823884,0.16329596,0.22662207
honest,0.75765783,-0.09102067,-0.2755534,0.08494319,0.10108282,0.7888579
reliable,0.85962293,-0.02709636,-0.38796588,0.02735402,0.20058978,0.92837108
fair,0.73420499,-0.23137263,-0.2016613,0.13753797,-0.05048499,0.7671625
healthy,0.7317512,-0.28558814,0.07223173,0.37035795,-0.13929923,0.66627751
clean,0.82589084,-0.19992668,-0.06048057,0.30744749,-0.02526868,0.78618539
orderly,0.74333476,-0.09314444,-0.40083891,-0.02602146,0.11087109,0.83039474
useful,0.68928311,-0.16549981,-0.33867691,0.00653917,0.0231025,0.76566133
creative,0.32389915,0.3946012,0.56806841,0.6484916,0.35177199,-0.0424357
serious,0.385194,0.27770661,-0.67438747,-0.41667321,0.43945591,0.54813181
calm,0.62689864,-0.52349443,0.00552298,0.25713074,-0.38010174,0.66067915
hopeful,0.83602994,-0.01544888,0.31483325,0.65795364,0.10169834,0.59823875
personal,-0.12038569,-0.36195447,0.22741318,0.11044881,-0.36719615,-0.10573069
stable,0.7006251,-0.24013992,-0.4437948,-0.09410085,-0.03148183,0.84890803
expensive,0.32300986,0.60088693,-0.13185852,0.05352341,0.63685605,0.1922677
powerful,0.38378137,0.74099416,-0.03888683,0.16717595,0.79352358,0.17484392
joyful,0.65582212,-0.04402474,0.45393129,0.69006873,0.01865549,0.38616972
exciting,0.28432373,0.59237946,0.56632084,0.65828772,0.54943666,-0.13038694
trusting,0.8330836,-0.05824134,-0.39443625,0.00927764,0.16550691,0.91180381
cooperative,0.69539905,-0.17870487,-0.0020821,0.29150644,-0.03411382,0.63573431
intimate,0.51909768,-0.19524246,0.31710626,0.47339136,-0.11822957,0.36097163
temporary,-0.24230528,-0.13106173,0.53825435,0.33568912,-0.2374013,-0.38403599
future,0.19949714,0.26492406,0.13858495,0.20777021,0.24840822,0.05682487
bright,0.73308742,0.06595976,0.35150914,0.63851019,0.15280947,0.47096525
light,0.20093409,-0.50454849,0.51609529,0.51608669,-0.50994747,0.07692
fast,0.20557665,0.49473093,0.27922249,0.34369407,0.44975225,-0.04575873
moral,0.88710523,-0.20578134,0.07193921,0.45213199,-0.03777009,0.79350143
correct,0.48086639,-0.06693946,-0.20803213,0.03588181,0.05765196,0.49660636
responsible,0.69853529,0.08641999,-0.38838485,-0.03383674,0.2750246,0.74312482
alive,0.35316592,0.12897066,0.46707641,0.52716504,0.12647505,0.09398163
organic,0.16319776,-0.06998358,0.49530128,0.45255698,-0.09035558,-0.03078535
deep,0.19681366,0.56269267,-0.08115506,0.03084416,0.56547783,0.07683861
specialized,0.20670024,0.58163651,-0.32154507,-0.15378979,0.61891934,0.17145885
interesting,0.31342766,0.62613861,0.3483938,0.46525179,0.60290665,-0.01583679
open,0.33083541,0.12180187,0.499596,0.55881478,0.10408645,0.05912422
private,-0.17724139,-0.40845052,0.13138826,0.00887673,-0.4080673,-0.10764788
