source,expected_opposite,rank,word,score
勝利,敗北,1,最低,0.8422714880500183
勝利,敗北,2,不足,0.8349827643523391
勝利,敗北,3,陰性,0.8298104583291023
勝利,敗北,4,地味,0.8285644446845156
勝利,敗北,5,低下,0.8221755521492545
勝利,敗北,6,遅い,0.818590416219203
勝利,敗北,7,マイナス,0.8115708764723673
勝利,敗北,8,負,0.8094632004655905
勝利,敗北,9,縮小,0.8089078138447904
勝利,敗北,10,抑,0.8087963423147543
勝利,敗北,11,劣る,0.8062433630222898
勝利,敗北,12,欠品,0.8036734053302823
勝利,敗北,13,減,0.8017288590289581
勝利,敗北,14,ダウン,0.7996748590702195
勝利,敗北,15,不用,0.7995572299738509
勝利,敗北,16,減少,0.7983591495951751
勝利,敗北,17,廃車,0.7960151814152231
勝利,敗北,18,駄目,0.7949469702473918
勝利,敗北,19,デッド,0.7935825306847827
勝利,敗北,20,欠ける,0.79262129703903
光,闇,1,手間,0.7413352460062902
光,闇,2,面倒,0.7208387210952671
光,闇,3,不妊,0.7170226206072637
光,闇,4,依存,0.7130164025616385
光,闇,5,便秘,0.7069315864717336
光,闇,6,凝り,0.696853368291382
光,闇,7,苦戦,0.6943633841815888
光,闇,8,肩凝り,0.6919766592544199
光,闇,9,後遺,0.6851881462368076
光,闇,10,内障,0.6829033303298644
光,闇,11,鬱,0.6814452351070212
光,闇,12,鬱病,0.6792221525785035
光,闇,13,面倒臭い,0.6774375403452024
光,闇,14,自殺,0.6770296440559946
光,闇,15,コンプレックス,0.6752659020801658
光,闇,16,引き籠もり,0.6711799030125376
光,闇,17,妄想,0.6675799098111159
光,闇,18,苦しむ,0.6668075077285961
光,闇,19,厄介,0.6633329254959119
光,闇,20,負う,0.6601112948563161
春,秋,1,制約,0.8243529681227385
春,秋,2,ケージ,0.8172930312287544
春,秋,3,慰謝料,0.8165429002847675
春,秋,4,決して,0.8094780678809099
春,秋,5,ブラック,0.8086747850993447
春,秋,6,閉鎖,0.7958819999141613
春,秋,7,墓,0.7881990344169397
春,秋,8,廃車,0.7865318987770273
春,秋,9,塵箱,0.7792662558717487
春,秋,10,葬,0.7731940415881962
春,秋,11,賠償,0.7707534356887619
春,秋,12,制限,0.7624805235792721
春,秋,13,削除,0.7617834727374118
春,秋,14,暗い,0.758230862888755
春,秋,15,ダーク,0.75802280186186
春,秋,16,隔離,0.7552544061460486
春,秋,17,デッド,0.7548471786082084
春,秋,18,固まり,0.7516389495312742
春,秋,19,埋める,0.749249029926499
春,秋,20,コスト,0.7490837194973788
上,下,1,出勤,0.6535125123891629
上,下,2,労働者,0.6203228258352174
上,下,3,通勤,0.6137812768627458
上,下,4,通学,0.5768732576765506
上,下,5,手首,0.5650276877008308
上,下,6,足首,0.5622514169296637
上,下,7,聞く,0.5475227702776193
上,下,8,足裏,0.5436906762367115
上,下,9,膝,0.5402053009147291
上,下,10,年齢,0.5393252075001906
上,下,11,脚,0.5358201206422541
上,下,12,人数,0.5356986775130305
上,下,13,片手,0.5354999832683053
上,下,14,頭部,0.5286016411829595
上,下,15,体重,0.522879662881595
上,下,16,高齢者,0.5225019338505732
上,下,17,腎臓,0.5158171286048451
上,下,18,中小企業,0.5136140889077638
上,下,19,身体,0.5121075724396766
上,下,20,耳,0.510962920321718
生,死,1,km,0.8230142466373728
生,死,2,設備,0.8229572035751981
生,死,3,アンテナ,0.8202890814314944
生,死,4,ポンド,0.8138570339606113
生,死,5,品番,0.8055168812429656
生,死,6,メーカー,0.7991882727230558
生,死,7,倍率,0.7912492519586871
生,死,8,サイト,0.7805539823030871
生,死,9,マシン,0.7782868451057269
生,死,10,電圧,0.7777907068146306
生,死,11,機器,0.7767712602741069
生,死,12,フォーマット,0.7757315956103682
生,死,13,インデックス,0.774096608709362
生,死,14,公式,0.772744407269289
生,死,15,機体,0.7709875450004033
生,死,16,バージョン,0.7696966320990104
生,死,17,装置,0.7666335221588527
生,死,18,ハードウェア,0.7650069653091565
生,死,19,税率,0.7649184089417027
生,死,20,URL,0.7641888154303091
愛,憎しみ,1,手数,0.8381137302087991
愛,憎しみ,2,配送料,0.804185739924196
愛,憎しみ,3,手数料,0.8024241525526603
愛,憎しみ,4,キャンセル,0.7819455503949646
愛,憎しみ,5,送料,0.7724917262363302
愛,憎しみ,6,還元率,0.7694963538572304
愛,憎しみ,7,NO,0.7628939635927101
愛,憎しみ,8,中止,0.7628797344619623
愛,憎しみ,9,運賃,0.7602183367501092
愛,憎しみ,10,炭酸,0.758110745885968
愛,憎しみ,11,使い捨て,0.7561550015771419
愛,憎しみ,12,添加物,0.7532428140887889
愛,憎しみ,13,偽物,0.7488540057402223
愛,憎しみ,14,徴収,0.7478976610292085
愛,憎しみ,15,番目,0.7477519266001622
愛,憎しみ,16,分間,0.7458405215949482
愛,憎しみ,17,通報,0.745834351758427
愛,憎しみ,18,申告,0.7447369332906907
愛,憎しみ,19,終了,0.7445166035618186
愛,憎しみ,20,言及,0.7433497564792968
美しい,醜い,1,納付,0.7101654573415228
美しい,醜い,2,排水,0.6812834168038662
美しい,醜い,3,徴収,0.6626292951188691
美しい,醜い,4,仕入れ,0.6462445376961831
美しい,醜い,5,クラッチ,0.6461054377694794
美しい,醜い,6,経費,0.6380462493726683
美しい,醜い,7,ポンプ,0.6339648723079152
美しい,醜い,8,メンテナンス,0.6324692587932931
美しい,醜い,9,運賃,0.6323701056330447
美しい,醜い,10,手数料,0.6323387828686027
美しい,醜い,11,割る,0.6298173822212461
美しい,醜い,12,命令,0.629522866879554
美しい,醜い,13,配管,0.626688153267001
美しい,醜い,14,力,0.6257844434441167
美しい,醜い,15,測る,0.6211661493803513
美しい,醜い,16,オペレーター,0.6203309761637115
美しい,醜い,17,工事,0.6201585699869162
美しい,醜い,18,バルブ,0.6195500629526182
美しい,醜い,19,負荷,0.617670183095345
美しい,醜い,20,改札,0.6168944317926812
